book,totalRefs,filledRefs
GEN,2629,2564
EXO,803,796
LEV,225,225
NUM,1122,1069
DEU,178,174
JOS,502,428
JDG,504,496
RUT,175,167
1SA,1353,1306
2SA,1486,1406
1KI,1258,1151
2KI,1205,1119
1CH,2456,1655
2CH,1064,944
EZR,468,256
NEH,665,279
EST,366,354
JOB,99,99
PSA,228,209
PRO,11,9
ECC,8,8
SNG,10,8
ISA,274,243
JER,750,649
LAM,3,3
EZK,175,152
DAN,365,312
HOS,33,32
JOL,3,3
AMO,40,34
OBA,15,15
JON,23,21
MIC,28,28
NAM,3,2
HAB,2,2
ZEP,7,7
HAG,34,34
ZEC,55,46
MAL,12,12
MAT,629,629
MRK,557,532
LUK,821,797
JHN,661,649
ACT,875,826
ROM,161,141
1CO,111,108
2CO,83,78
GAL,89,89
EPH,54,54
PHP,52,52
COL,49,45
1TH,24,24
2TH,18,18
1TI,23,22
2TI,44,40
TIT,10,10
PHM,21,18
HEB,125,120
JAS,9,7
1PE,27,27
2PE,14,14
1JN,38,38
2JN,8,4
3JN,4,3
JUD,16,14
REV,80,79