qid,totalRefs,totalPrimaryRefs,totalSecondaryRefs,verseRefs,chapterRefs,bookRefs,books
Q70899,41,30,10,11,11,8,GEN;1CH;HOS;LUK;ROM;1CO;1TI;JUD
Q830183,19,17,2,5,5,3,GEN;2CO;1TI
Q205365,23,16,7,4,4,4,GEN;HEB;1JN;JUD
Q313421,17,10,7,6,6,5,GEN;MAT;LUK;HEB;1JN
Q134373856,1,1,0,1,1,1,GEN
Q2495184,3,3,0,1,1,1,GEN
Q3364264,2,2,0,1,1,1,GEN
Q10329365,2,2,0,1,1,1,GEN
Q10329289,2,2,0,1,1,1,GEN
Q155852,5,4,1,1,1,1,GEN
Q1809123,5,5,0,1,1,1,GEN
Q203082,5,5,0,1,1,1,GEN
Q1676803,1,1,0,1,1,1,GEN
Q1432204,1,1,0,1,1,1,GEN
Q1356181,2,2,0,1,1,1,GEN
Q1542154,2,2,0,1,1,1,GEN
Q107626,10,8,2,4,4,3,GEN;1CH;LUK
Q682531,8,6,2,4,4,3,GEN;1CH;LUK
Q844433,7,5,2,3,3,3,GEN;1CH;LUK
Q10297002,7,5,2,3,3,3,GEN;1CH;LUK
Q927410,7,5,2,3,3,3,GEN;1CH;LUK
Q213027,10,6,4,5,5,5,GEN;1CH;LUK;HEB;JUD
Q156290,7,5,2,3,3,3,GEN;1CH;LUK
Q10921342,7,5,2,3,3,3,GEN;1CH;LUK
Q81422,58,44,14,14,14,8,GEN;1CH;ISA;EZK;MAT;LUK;HEB;1PE
Q200902,29,23,6,9,9,3,GEN;1CH;LUK
Q229702,20,17,3,7,7,2,GEN;1CH
Q200637,20,15,5,7,7,2,GEN;1CH
Q107442921,3,3,0,3,3,1,GEN
Q204797,10,7,2,3,3,2,GEN;1CH
Q1148172,4,2,2,2,2,2,GEN;1CH
Q1964706,3,1,1,3,3,3,GEN;1CH;EZK
Q1790796,2,1,1,2,2,2,GEN;1CH
Q1684266,4,2,2,2,2,2,GEN;1CH
Q1481766,2,1,1,2,2,2,GEN;1CH
Q30973,2,1,1,2,2,2,GEN;1CH
Q1481751,2,1,1,2,2,2,GEN;1CH
Q722770,2,1,1,2,2,2,GEN;1CH
Q2918052,2,1,1,2,2,2,GEN;1CH
Q1068499,2,1,1,2,2,2,GEN;1CH
Q1330627,2,1,1,2,2,2,GEN;1CH
Q125487467,1,1,0,1,1,1,GEN
Q1138595,6,3,3,2,2,2,GEN;1CH
Q1369215,4,2,2,2,2,2,GEN;1CH
Q946939,2,1,1,2,2,2,GEN;1CH
Q23639444,2,1,1,2,2,2,GEN;1CH
Q32945196,2,1,1,2,2,2,GEN;1CH
Q13143737,2,1,1,2,2,2,GEN;1CH
Q3085764,4,2,2,2,2,2,GEN;1CH
Q124169540,2,1,1,2,2,2,GEN;1CH
Q125399193,2,1,1,2,2,2,GEN;1CH
Q124305605,2,1,1,2,2,2,GEN;1CH
Q201861,4,2,1,3,3,3,GEN;1CH;MIC
Q3541553,3,1,1,2,2,2,GEN;1CH
Q502282,11,6,5,4,4,3,GEN;1CH;LUK
Q1147704,2,1,1,2,2,2,GEN;1CH
Q2426606,2,1,1,2,2,2,GEN;1CH
Q457520,10,6,4,4,4,3,GEN;1CH;LUK
Q1815870,2,1,1,2,2,2,GEN;1CH
Q625667,4,2,2,2,2,2,GEN;1CH
Q2558734,2,1,1,2,2,2,GEN;1CH
Q2898616,2,1,1,2,2,2,GEN;1CH
Q2910407,2,1,1,2,2,2,GEN;1CH
Q13418757,2,1,1,2,2,2,GEN;1CH
Q1827950,10,6,4,4,4,3,GEN;1CH;LUK
Q1648259,9,5,4,4,4,3,GEN;1CH;LUK
Q1553059,7,3,4,2,2,2,GEN;1CH
Q2905798,2,1,1,2,2,2,GEN;1CH
Q7493584,2,1,1,2,2,2,GEN;1CH
Q2905463,2,1,1,2,2,2,GEN;1CH
Q18276083,2,1,1,2,2,2,GEN;1CH
Q5638029,2,1,1,2,2,2,GEN;1CH
Q7904500,2,1,1,2,2,2,GEN;1CH
Q63433898,2,1,1,2,2,2,GEN;1CH
Q115760490,2,1,1,2,2,2,GEN;1CH
Q14925390,2,1,1,2,2,2,GEN;1CH
Q138636936,2,1,1,2,2,2,GEN;1CH
Q125345983,2,1,1,2,2,2,GEN;1CH
Q138636935,2,1,1,2,2,2,GEN;1CH
Q44123555,2,1,1,2,2,2,GEN;1CH
Q2040793,6,4,2,3,3,3,GEN;1CH;LUK
Q1161313,6,4,2,3,3,3,GEN;1CH;LUK
Q888890,6,4,2,3,3,3,GEN;1CH;LUK
Q586541,15,11,4,7,7,5,GEN;JOS;1CH;LUK;ACT
Q9181,361,179,182,81,81,26,GEN;EXO;NUM;DEU;JOS;1KI;2KI;1CH;2CH;NEH;PSA;ISA;JER;EZK;MIC;MAT;MRK;LUK;JHN;ACT;ROM;2CO;GAL;HEB;JAS;1PE
Q6323112,15,7,8,6,6,2,GEN;JOS
Q1199156,6,5,1,1,1,1,GEN
Q40574,47,40,7,8,8,4,GEN;DEU;LUK;2PE
Q194808,72,56,16,18,18,6,GEN;ISA;ROM;GAL;HEB;1PE
Q1752707,8,5,3,3,3,1,GEN
Q6079192,1,1,0,1,1,1,GEN
Q2844493,6,5,1,2,2,2,GEN;HEB
Q2712606,6,5,1,2,2,2,GEN;HEB
Q2118973,8,7,1,2,2,2,GEN;HEB
Q7800767,6,5,1,2,2,2,GEN;HEB
Q4890957,7,7,0,1,1,1,GEN
Q106079868,4,4,0,1,1,1,GEN
Q9351421,3,3,0,1,1,1,GEN
Q125415429,3,3,0,1,1,1,GEN
Q125295074,2,2,0,1,1,1,GEN
Q125022203,2,1,1,1,1,1,GEN
Q124541960,2,1,1,1,1,1,GEN
Q219395,14,2,12,5,5,3,GEN;PSA;HEB
Q14933103,1,1,0,1,1,1,GEN
Q214617,28,23,5,4,4,2,GEN;GAL
Q183403,40,29,11,8,8,3,GEN;1CH;GAL
Q671872,190,115,75,51,51,19,GEN;EXO;NUM;DEU;JOS;1KI;2KI;1CH;PSA;JER;AMO;MAT;MRK;LUK;ACT;ROM;GAL;HEB;JAS
Q109496487,10,10,0,1,1,1,GEN
Q109496488,10,10,0,1,1,1,GEN
Q2575060,4,4,0,2,2,2,GEN;LUK
Q1585141,1,1,0,1,1,1,GEN
Q9168580,1,1,0,1,1,1,GEN
Q1343803,27,27,0,3,3,1,GEN
Q10282102,3,3,0,2,2,1,GEN
Q47010789,2,2,0,1,1,1,GEN
Q114056663,2,2,0,1,1,1,GEN
Q11944206,2,2,0,1,1,1,GEN
Q114056787,2,2,0,1,1,1,GEN
Q114056831,2,2,0,1,1,1,GEN
Q125072190,2,2,0,1,1,1,GEN
Q125188731,2,2,0,1,1,1,GEN
Q1579827,11,5,6,4,4,1,GEN
Q40520,50,45,5,10,10,2,GEN;ROM
Q108773808,2,2,0,1,1,1,GEN
Q14923275,1,1,0,1,1,1,GEN
Q125150030,1,1,0,1,1,1,GEN
Q125484379,1,1,0,1,1,1,GEN
Q125295940,1,1,0,1,1,1,GEN
Q6775384,11,8,3,4,4,1,GEN
Q138714970,2,0,2,2,2,1,GEN
Q840401,69,64,5,9,9,1,GEN
Q2903219,2,2,0,2,2,1,GEN
Q908531,4,2,2,2,2,2,GEN;1CH
Q786540,2,1,1,2,2,2,GEN;1CH
Q737548,4,2,2,2,2,2,GEN;1CH
Q1212757,2,1,1,2,2,2,GEN;1CH
Q755316,4,2,2,2,2,2,GEN;1CH
Q594903,2,1,1,2,2,2,GEN;1CH
Q369850,2,1,1,2,2,2,GEN;1CH
Q9332549,2,1,1,2,2,2,GEN;1CH
Q124819618,3,2,1,2,2,2,GEN;1CH
Q5382125,2,1,1,2,2,2,GEN;1CH
Q5382171,2,1,1,2,2,2,GEN;1CH
Q108207665,2,1,1,2,2,2,GEN;1CH
Q3314892,2,1,1,2,2,2,GEN;1CH
Q124325068,2,1,1,2,2,2,GEN;1CH
Q3773487,4,3,1,4,4,2,GEN;1CH
Q21087985,2,1,1,2,2,2,GEN;1CH
Q24238724,2,1,1,2,2,2,GEN;1CH
Q14925213,2,1,1,2,2,2,GEN;1CH
Q20101216,2,1,1,2,2,2,GEN;1CH
Q5313606,2,1,1,2,2,2,GEN;1CH
Q21087988,2,1,1,2,2,2,GEN;1CH
Q22004334,2,1,1,2,2,2,GEN;1CH
Q20101919,2,1,1,2,2,2,GEN;1CH
Q11927540,2,1,1,2,2,2,GEN;1CH
Q10335361,2,1,1,2,2,2,GEN;1CH
Q11944201,2,1,1,2,2,2,GEN;1CH
Q289957,566,330,146,150,150,29,GEN;EXO;NUM;DEU;JOS;JDG;1SA;2SA;1KI;2KI;1CH;PSA;ISA;JER;LAM;EZK;HOS;AMO;OBA;MIC;NAM;MAL;MAT;MRK;LUK;JHN;ACT;ROM;HEB
Q220822,117,88,22,18,18,10,GEN;DEU;JOS;1CH;JER;HOS;OBA;MAL;ROM;HEB
Q125345108,1,1,0,1,1,1,GEN
Q3187975,1,1,0,1,1,1,GEN
Q124751781,1,0,1,1,1,1,GEN
Q3320047,6,6,0,2,2,1,GEN
Q65252558,2,0,2,2,2,1,GEN
Q2669401,1,1,0,1,1,1,GEN
Q207389,66,56,9,15,15,5,GEN;RUT;1SA;JER;MAT
Q128847,49,48,1,10,10,2,GEN;RUT
Q221826,14,13,1,8,8,1,GEN
Q794991,17,14,3,9,9,2,GEN;1CH
Q625661,104,84,16,29,29,5,GEN;EXO;NUM;DEU;1CH
Q1773005,91,75,15,28,28,5,GEN;EXO;NUM;DEU;1CH
Q215512,115,74,36,41,41,10,GEN;EXO;NUM;DEU;1CH;EZR;NEH;PSA;MAL;HEB
Q282220,143,96,41,44,44,13,GEN;EXO;NUM;DEU;JOS;RUT;1CH;NEH;PSA;ZEC;MAT;LUK;HEB
Q550869,94,72,18,33,33,8,GEN;EXO;NUM;DEU;JDG;1CH;2CH;AMO
Q1771963,88,72,13,28,28,5,GEN;EXO;NUM;DEU;1CH
Q851749,86,72,11,26,26,5,GEN;EXO;NUM;DEU;1CH
Q1775026,89,72,14,28,28,5,GEN;EXO;NUM;DEU;1CH
Q651256,89,72,15,29,29,5,GEN;EXO;NUM;DEU;1CH
Q614575,87,72,12,27,27,5,GEN;EXO;NUM;DEU;1CH
Q122035,23,22,1,5,5,1,GEN
Q145746,267,209,50,54,54,16,GEN;EXO;NUM;DEU;JOS;2SA;1KI;1CH;PSA;EZK;AMO;OBA;ZEC;JHN;ACT;HEB
Q1573937,12,11,1,4,4,3,GEN;JOS;JDG
Q22054796,16,15,1,3,3,2,GEN;JOS
Q460763,124,99,21,30,30,10,GEN;EXO;NUM;DEU;1CH;NEH;JER;OBA;ROM;PHP
Q104901768,5,5,0,1,1,1,GEN
Q2344483,6,6,0,1,1,1,GEN
Q42532204,10,3,7,2,2,2,GEN;1CH
Q2899130,8,6,2,2,2,2,GEN;1CH
Q32979741,7,5,2,2,2,2,GEN;1CH
Q10306885,4,3,1,2,2,2,GEN;1CH
Q125263542,4,3,1,2,2,2,GEN;1CH
Q85774893,4,3,1,2,2,2,GEN;1CH
Q134715631,3,2,1,2,2,2,GEN;1CH
Q7089609,3,2,1,2,2,2,GEN;1CH
Q8069299,3,2,1,2,2,2,GEN;1CH
Q106145044,3,2,1,2,2,2,GEN;1CH
Q114627203,3,2,1,2,2,2,GEN;1CH
Q32979730,2,1,1,2,2,2,GEN;1CH
Q108487406,3,2,1,2,2,2,GEN;1CH
Q108487424,3,2,1,2,2,2,GEN;1CH
Q114627891,3,2,1,2,2,2,GEN;1CH
Q6884915,3,2,1,2,2,2,GEN;1CH
Q42532277,3,2,1,2,2,2,GEN;1CH
Q6684617,7,4,3,2,2,2,GEN;1CH
Q125423902,5,3,2,2,2,2,GEN;1CH
Q124820244,5,3,2,2,2,2,GEN;1CH
Q10274802,5,3,2,2,2,2,GEN;1CH
Q124820697,5,3,2,2,2,2,GEN;1CH
Q55120394,2,1,1,2,2,2,GEN;1CH
Q106084820,2,1,1,2,2,2,GEN;1CH
Q124552466,2,1,1,2,2,2,GEN;1CH
Q125315789,2,1,1,2,2,2,GEN;1CH
Q125045346,2,1,1,2,2,2,GEN;1CH
Q138580874,2,1,1,2,2,2,GEN;1CH
Q138580877,2,1,1,2,2,2,GEN;1CH
Q124821119,2,1,1,2,2,2,GEN;1CH
Q124556126,2,1,1,2,2,2,GEN;1CH
Q125038626,2,1,1,2,2,2,GEN;1CH
Q125263780,2,1,1,2,2,2,GEN;1CH
Q138580889,2,1,1,2,2,2,GEN;1CH
Q125498533,2,1,1,2,2,2,GEN;1CH
Q138580891,2,1,1,2,2,2,GEN;1CH
Q124556347,2,1,1,2,2,2,GEN;1CH
Q4081479,4,2,2,2,2,2,GEN;1CH
Q124759391,2,1,1,2,2,2,GEN;1CH
Q6206768,4,2,2,2,2,2,GEN;1CH
Q138780026,1,0,1,1,1,1,GEN
Q5949264,4,2,2,2,2,2,GEN;1CH
Q5637556,4,2,2,2,2,2,GEN;1CH
Q124759472,2,1,1,2,2,2,GEN;1CH
Q7409616,4,2,2,2,2,2,GEN;1CH
Q138580913,4,2,2,2,2,2,GEN;1CH
Q5717054,4,2,2,2,2,2,GEN;1CH
Q135454512,3,2,1,2,2,2,GEN;1CH
Q134468308,3,1,2,2,2,2,GEN;1CH
Q93697104,2,1,1,2,2,2,GEN;1CH
Q125271641,2,1,1,2,2,2,GEN;1CH
Q125316367,2,1,1,2,2,2,GEN;1CH
Q138710420,2,0,2,2,2,2,GEN;1CH
Q5353134,2,0,2,2,2,2,GEN;1CH
Q125264444,2,1,1,2,2,2,GEN;1CH
Q1148687,14,14,0,2,2,1,GEN
Q65238144,4,4,0,1,1,1,GEN
Q6940768,3,2,1,2,2,2,GEN;1CH
Q30226376,2,2,0,1,1,1,GEN
Q1347943,15,11,4,5,5,3,GEN;NUM;1CH
Q661074,10,8,2,4,4,3,GEN;NUM;1CH
Q1294423,8,5,3,4,4,2,GEN;1CH
Q1030008,13,10,3,4,4,4,GEN;RUT;1CH;MAT
Q1814684,19,7,12,11,11,7,GEN;NUM;RUT;1CH;NEH;MAT;LUK
Q3223065,8,3,5,5,5,4,GEN;1CH;NEH;MAT
Q723681,3,3,0,2,2,1,GEN
Q7234956,3,3,0,2,2,1,GEN
Q1056931,61,17,33,24,24,7,GEN;NUM;DEU;JOS;1KI;1CH;HEB
Q203251,39,18,18,17,17,7,GEN;NUM;DEU;JOS;1CH;JER;HEB
Q20757870,3,2,1,3,3,3,GEN;EXO;1CH
Q65128328,5,2,3,4,4,4,GEN;EXO;NUM;1CH
Q85853423,3,2,1,3,3,3,GEN;EXO;1CH
Q85853675,3,2,1,3,3,3,GEN;EXO;1CH
Q24954387,3,2,1,3,3,3,GEN;EXO;1CH
Q11716821,3,2,1,3,3,3,GEN;EXO;1CH
Q65124128,2,2,0,2,2,2,GEN;EXO
Q18088109,2,2,0,2,2,2,GEN;EXO
Q65124445,3,2,1,3,3,3,GEN;EXO;1CH
Q65125957,4,2,2,3,3,3,GEN;EXO;1CH
Q2915121,14,5,9,7,7,5,GEN;EXO;NUM;JOS;1CH
Q2914557,19,7,12,9,9,6,GEN;EXO;NUM;JOS;1CH;2CH
Q2670550,25,5,20,13,13,7,GEN;EXO;NUM;JOS;1CH;2CH;EZR
Q4177234,14,4,10,7,7,6,GEN;NUM;RUT;1CH;MAT;LUK
Q65129982,3,2,1,3,3,3,GEN;NUM;1CH
Q3992381,4,1,3,2,2,2,GEN;1CH
Q85854338,2,1,1,2,2,2,GEN;1CH
Q85853555,2,1,1,2,2,2,GEN;1CH
Q85854694,2,1,1,2,2,2,GEN;1CH
Q44126900,1,1,0,1,1,1,GEN
Q44126901,1,1,0,1,1,1,GEN
Q44126902,1,1,0,1,1,1,GEN
Q85854942,1,1,0,1,1,1,GEN
Q85853387,1,1,0,1,1,1,GEN
Q85854721,1,1,0,1,1,1,GEN
Q85853189,1,1,0,1,1,1,GEN
Q85853183,1,1,0,1,1,1,GEN
Q85852721,1,1,0,1,1,1,GEN
Q85852725,1,1,0,1,1,1,GEN
Q67219744,2,1,1,2,2,2,GEN;1CH
Q67219745,2,1,1,2,2,2,GEN;1CH
Q67219746,2,1,1,2,2,2,GEN;1CH
Q85852816,4,2,2,2,2,2,GEN;1CH
Q2899037,3,2,1,3,3,3,GEN;NUM;1CH
Q85853470,3,1,2,2,2,2,GEN;1CH
Q85854115,2,1,1,2,2,2,GEN;1CH
Q22018139,7,1,6,4,4,3,GEN;NUM;1CH
Q85852881,4,1,3,2,2,2,GEN;1CH
Q85852737,3,1,2,3,3,3,GEN;NUM;1CH
Q85853373,1,1,0,1,1,1,GEN
Q31841835,1,1,0,1,1,1,GEN
Q85853140,1,1,0,1,1,1,GEN
Q85854575,1,1,0,1,1,1,GEN
Q85854185,1,1,0,1,1,1,GEN
Q85853451,1,1,0,1,1,1,GEN
Q638332,1,1,0,1,1,1,GEN
Q6582523,1,1,0,1,1,1,GEN
Q67219740,2,1,1,2,2,2,GEN;1CH
Q80198030,2,1,1,2,2,2,GEN;1CH
Q67219747,2,1,1,2,2,2,GEN;1CH
Q85854718,2,1,1,2,2,2,GEN;1CH
Q85854026,18,4,14,10,10,5,GEN;NUM;DEU;JOS;1CH
Q767434,4,4,0,1,1,1,EXO
Q21959799,4,4,0,1,1,1,EXO
Q477527,13,8,5,6,6,3,EXO;NUM;1CH
Q594805,5,5,0,3,3,2,EXO;NUM
Q9077,873,671,202,203,203,31,EXO;LEV;NUM;DEU;JOS;JDG;1SA;1KI;2KI;1CH;2CH;EZR;NEH;PSA;ISA;JER;DAN;MIC;MAL;MAT;MRK;LUK;JHN;ACT;ROM;1CO;2CO;2TI;HEB;JUD;REV
Q1873244,6,4,2,2,2,2,EXO;1CH
Q62788,24,23,1,5,5,2,EXO;JDG
Q205523,6,6,0,3,3,1,EXO
Q1514983,10,7,3,5,5,2,EXO;1CH
Q51676,360,293,67,97,97,16,EXO;LEV;NUM;DEU;JOS;JDG;1SA;1CH;2CH;EZR;NEH;PSA;MIC;LUK;ACT;HEB
Q1195680,9,5,4,4,4,2,EXO;1CH
Q85853840,4,2,2,3,3,3,EXO;NUM;1CH
Q3482128,3,2,1,3,3,3,EXO;NUM;1CH
Q2210407,9,4,5,5,5,3,EXO;NUM;1CH
Q1800542,6,2,4,4,4,3,EXO;NUM;1CH
Q4207606,11,3,8,6,6,4,EXO;LEV;NUM;1CH
Q85854044,9,2,7,6,6,4,EXO;NUM;1CH;EZR
Q85854187,8,2,6,5,5,3,EXO;NUM;1CH
Q1337316,20,16,4,7,7,4,EXO;NUM;1CH;JUD
Q125566789,1,1,0,1,1,1,EXO
Q125749992,1,1,0,1,1,1,EXO
Q110158985,2,2,0,2,2,2,EXO;LEV
Q6533529,2,2,0,2,2,2,EXO;LEV
Q125747962,1,1,0,1,1,1,EXO
Q2916801,1,1,0,1,1,1,EXO
Q2038223,13,3,10,9,9,6,EXO;NUM;RUT;1CH;MAT;LUK
Q1784980,13,8,5,9,9,6,EXO;NUM;RUT;1CH;MAT;LUK
Q1941782,49,46,3,16,16,4,EXO;LEV;NUM;1CH
Q321166,49,46,3,16,16,4,EXO;LEV;NUM;1CH
Q159443,116,96,20,39,39,8,EXO;LEV;NUM;DEU;JOS;JDG;1CH;EZR
Q1675214,72,64,8,22,22,4,EXO;LEV;NUM;1CH
Q125499036,1,1,0,1,1,1,EXO
Q125504223,1,1,0,1,1,1,EXO
Q11684128,2,1,1,2,2,2,EXO;1CH
Q123118736,1,1,0,1,1,1,EXO
Q117865594,1,1,0,1,1,1,EXO
Q128063,16,10,6,10,10,7,EXO;NUM;JOS;JDG;1CH;EZR;PSA
Q1938388,11,9,2,6,6,4,EXO;NUM;1CH;MIC
Q7734,211,203,8,46,46,10,EXO;NUM;DEU;JOS;JDG;1KI;1CH;NEH;ACT;HEB
Q492665,8,2,6,6,6,3,EXO;1CH;2CH
Q853439,10,8,2,8,8,3,EXO;1CH;2CH
Q66919839,6,0,6,5,5,3,EXO;1CH;2CH
Q2112850,5,5,0,4,4,1,EXO
Q125480519,3,0,3,3,3,1,EXO
Q3344859,30,0,30,24,24,8,EXO;NUM;DEU;JOS;JDG;1KI;1CH;NEH
Q18191416,1,1,0,1,1,1,LEV
Q18192218,2,0,2,1,1,1,LEV
Q123119524,1,0,1,1,1,1,LEV
Q18198564,5,5,0,4,4,1,NUM
Q18198582,5,0,5,4,4,1,NUM
Q20605895,5,5,0,4,4,1,NUM
Q123121015,5,0,5,4,4,1,NUM
Q126163976,5,5,0,4,4,1,NUM
Q126178161,5,0,5,4,4,1,NUM
Q125504565,5,5,0,4,4,1,NUM
Q124311576,5,0,5,4,4,1,NUM
Q10271944,6,5,1,5,5,2,NUM;1CH
Q85852675,6,0,6,5,5,2,NUM;1CH
Q138685425,5,5,0,4,4,1,NUM
Q126083612,5,0,5,4,4,1,NUM
Q3494535,5,5,0,4,4,1,NUM
Q125912323,5,0,5,4,4,1,NUM
Q4695102,5,5,0,4,4,1,NUM
Q4747248,5,0,5,4,4,1,NUM
Q20605581,5,5,0,4,4,1,NUM
Q125480927,5,0,5,4,4,1,NUM
Q14925563,5,5,0,4,4,1,NUM
Q126065560,5,0,5,4,4,1,NUM
Q4695133,5,5,0,4,4,1,NUM
Q124256037,5,0,5,4,4,1,NUM
Q126130203,1,0,1,1,1,1,NUM
Q125747497,1,1,0,1,1,1,NUM
Q138609372,1,0,1,1,1,1,NUM
Q14925385,2,2,0,1,1,1,NUM
Q56473842,2,2,0,1,1,1,NUM
Q56473843,2,2,0,1,1,1,NUM
Q2650721,4,4,0,3,3,2,NUM;DEU
Q126193237,1,0,1,1,1,1,NUM
Q126178411,4,4,0,3,3,2,NUM;DEU
Q125568154,1,0,1,1,1,1,NUM
Q922184,34,30,4,13,13,5,NUM;DEU;JOS;JDG;1CH
Q11927454,15,0,15,11,11,4,NUM;DEU;JOS;1CH
Q126087472,4,4,0,3,3,2,NUM;DEU
Q126083819,4,4,0,3,3,2,NUM;DEU
Q126166031,1,0,1,1,1,1,NUM
Q125510439,4,4,0,3,3,2,NUM;DEU
Q126178591,1,0,1,1,1,1,NUM
Q125510705,4,4,0,3,3,2,NUM;DEU
Q126178639,1,0,1,1,1,1,NUM
Q125912635,4,4,0,3,3,2,NUM;DEU
Q125510727,1,0,1,1,1,1,NUM
Q126178728,2,2,0,2,2,2,NUM;DEU
Q126010368,3,2,1,2,2,1,NUM
Q1703736,4,4,0,3,3,2,NUM;DEU
Q2381688,1,0,1,1,1,1,NUM
Q104412955,4,4,0,3,3,2,NUM;DEU
Q126131611,1,0,1,1,1,1,NUM
Q120727077,4,2,2,3,3,3,NUM;JOS;JDG
Q16882450,4,2,2,3,3,3,NUM;JOS;JDG
Q120727174,4,2,2,3,3,3,NUM;JOS;JDG
Q1812268,6,0,6,4,4,3,NUM;DEU;JOS
Q2238834,10,8,2,4,4,3,NUM;DEU;PSA
Q9560907,10,8,2,4,4,3,NUM;DEU;PSA
Q65128117,5,0,5,3,3,2,NUM;DEU
Q18227832,1,1,0,1,1,1,NUM
Q126084760,1,0,1,1,1,1,NUM
Q887987,37,17,20,18,18,7,NUM;DEU;JOS;JDG;1KI;NEH;PSA
Q878675,24,12,12,16,16,6,NUM;DEU;JOS;1KI;NEH;PSA
Q1411953,44,40,4,7,7,5,NUM;JOS;JDG;MIC;REV
Q126179308,7,0,7,4,4,3,NUM;JOS;JDG
Q574641,72,62,10,11,11,7,NUM;DEU;JOS;NEH;MIC;JUD;REV
Q124759404,8,0,8,7,7,4,NUM;DEU;JOS;MIC
Q203956,4,4,0,1,1,1,NUM
Q1352758,7,7,0,1,1,1,NUM
Q125747738,1,0,1,1,1,1,NUM
Q138714622,3,0,3,3,3,2,NUM;JOS
Q106808575,2,2,0,1,1,1,NUM
Q85853273,10,5,5,6,6,3,NUM;JOS;1CH
Q85853471,2,1,1,2,2,2,NUM;JOS
Q85854727,2,2,0,2,2,2,NUM;JOS
Q85854716,2,1,1,2,2,2,NUM;JOS
Q85853477,4,1,3,3,3,2,NUM;JOS
Q2659583,13,3,10,4,4,2,NUM;JOS
Q4285720,4,4,0,4,4,2,NUM;JOS
Q27587326,4,4,0,4,4,2,NUM;JOS
Q4498664,4,4,0,4,4,2,NUM;JOS
Q4293448,4,4,0,4,4,2,NUM;JOS
Q27587242,4,4,0,4,4,2,NUM;JOS
Q85852878,1,0,1,1,1,1,NUM
Q85854843,1,0,1,1,1,1,NUM
Q85853185,1,0,1,1,1,1,NUM
Q47008639,2,0,2,1,1,1,NUM
Q140008375,1,0,1,1,1,1,NUM
Q25803431,2,1,1,2,2,2,NUM;JOS
Q126167657,1,1,0,1,1,1,NUM
Q125749914,2,1,1,2,2,2,NUM;JOS
Q126168038,2,1,1,2,2,2,NUM;JOS
Q126164463,1,1,0,1,1,1,NUM
Q126192673,1,1,0,1,1,1,NUM
Q138721693,1,0,1,1,1,1,NUM
Q126083517,1,1,0,1,1,1,NUM
Q126058920,1,0,1,1,1,1,NUM
Q126036170,1,1,0,1,1,1,NUM
Q126087592,1,0,1,1,1,1,NUM
Q11689904,1,1,0,1,1,1,NUM
Q126082759,1,0,1,1,1,1,NUM
Q124763187,1,1,0,1,1,1,NUM
Q126192599,1,0,1,1,1,1,NUM
Q138698783,1,1,0,1,1,1,NUM
Q126086906,1,0,1,1,1,1,NUM
Q138698787,1,1,0,1,1,1,NUM
Q126030419,1,0,1,1,1,1,NUM
Q126030524,1,1,0,1,1,1,NUM
Q126192834,1,0,1,1,1,1,NUM
Q138721699,1,0,1,1,1,1,NUM
Q1135632,14,11,3,5,5,4,JOS;MAT;HEB;JAS
Q1889647,9,6,3,3,3,2,JOS;1CH
Q114672619,4,0,4,3,3,2,JOS;1CH
Q114671090,4,0,4,2,2,2,JOS;1CH
Q2468894,11,10,1,2,2,1,JOS
Q128693797,9,8,1,2,2,1,JOS
Q104802999,9,8,1,2,2,1,JOS
Q128309307,9,8,1,2,2,1,JOS
Q25497407,9,8,1,2,2,1,JOS
Q128693903,1,1,0,1,1,1,JOS
Q128565883,3,2,1,2,2,1,JOS
Q3291564,3,0,3,3,3,1,JOS
Q131840205,2,0,2,2,2,1,JOS
Q2829011,7,6,1,3,3,3,JOS;JDG;1CH
Q536485,9,7,2,4,4,3,JOS;JDG;1CH
Q137755683,5,0,5,4,4,3,JOS;JDG;1CH
Q20501924,1,1,0,1,1,1,JOS
Q2229049,3,3,0,1,1,1,JDG
Q5118345,2,2,0,1,1,1,JDG
Q2662239,9,9,0,1,1,1,JDG
Q1300996,12,12,0,2,2,1,JDG
Q125152962,1,0,1,1,1,1,JDG
Q1516550,2,2,0,2,2,1,JDG
Q128792244,2,0,2,2,2,1,JDG
Q128566631,6,5,1,1,1,1,JDG
Q976765,19,18,1,3,3,2,JDG;1SA
Q213633,10,10,0,2,2,1,JDG
Q6488184,1,0,1,1,1,1,JDG
Q807236,13,11,2,4,4,3,JDG;1SA;HEB
Q4667882,4,0,4,2,2,1,JDG
Q13365793,5,5,0,2,2,1,JDG
Q954820,6,6,0,2,2,1,JDG
Q7530790,1,1,0,1,1,1,JDG
Q14925384,9,4,5,3,3,1,JDG
Q176125,74,59,15,6,6,3,JDG;1SA;HEB
Q128909611,2,2,0,1,1,1,JDG
Q107437473,7,4,3,4,4,3,JDG;PSA;ISA
Q5942568,6,5,1,3,3,2,JDG;PSA
Q107437432,11,10,1,2,2,2,JDG;PSA
Q107437434,11,10,1,2,2,2,JDG;PSA
Q113376196,1,1,0,1,1,1,JDG
Q480279,41,35,6,3,3,1,JDG
Q6294444,4,4,0,1,1,1,JDG
Q10287821,11,11,0,1,1,1,JDG
Q25768260,5,0,5,1,1,1,JDG
Q16944355,6,6,0,1,1,1,JDG
Q1516117,3,3,0,1,1,1,JDG
Q125146895,1,0,1,1,1,1,JDG
Q137757337,1,0,1,1,1,1,JDG
Q1143157,2,2,0,1,1,1,JDG
Q1133523,29,24,5,4,4,3,JDG;1SA;HEB
Q137757351,2,1,1,1,1,1,JDG
Q16131373,2,1,1,1,1,1,JDG
Q645796,4,3,1,1,1,1,JDG
Q1333225,3,2,1,1,1,1,JDG
Q308320,2,2,0,1,1,1,JDG
Q128794244,2,0,2,1,1,1,JDG
Q221514,28,25,3,3,3,1,JDG
Q14579312,19,18,1,2,2,1,JDG
Q214648,51,47,4,5,5,2,JDG;HEB
Q937827,7,7,0,1,1,1,JDG
Q126367567,21,13,8,2,2,1,JDG
Q6272377,1,1,0,1,1,1,JDG
Q363660,10,7,3,3,3,1,RUT
Q2596433,41,41,0,4,4,1,RUT
Q9026972,11,10,1,3,3,1,RUT
Q30246326,7,6,1,2,2,1,RUT
Q1697019,10,10,0,1,1,1,RUT
Q1774982,47,46,1,5,5,2,RUT;MAT
Q212253,31,26,5,6,6,4,RUT;1CH;MAT;LUK
Q1135791,10,5,5,4,4,4,RUT;1CH;MAT;LUK
Q45090,55,19,36,23,23,12,RUT;1SA;2SA;1KI;1CH;2CH;PSA;ISA;MAT;LUK;ACT;ROM
Q41370,1470,1058,404,257,257,27,RUT;1SA;2SA;1KI;2KI;1CH;2CH;EZR;NEH;PSA;PRO;ECC;ISA;JER;EZK;HOS;AMO;ZEC;MAT;MRK;LUK;JHN;ACT;ROM;2TI;HEB;REV
Q1824842,6,2,4,3,3,3,RUT;1CH;MAT
Q1771358,7,2,5,4,4,4,RUT;1CH;MAT;LUK
Q2424977,13,11,2,3,3,2,1SA;1CH
Q6182499,3,0,3,2,2,2,1SA;1CH
Q115052422,3,0,3,2,2,2,1SA;1CH
Q115052531,2,0,2,2,2,2,1SA;1CH
Q115052712,2,0,2,2,2,2,1SA;1CH
Q2346367,29,29,0,2,2,1,1SA
Q2068934,4,4,0,1,1,1,1SA
Q362021,45,36,9,6,6,2,1SA;1KI
Q1563312,15,13,2,4,4,1,1SA
Q20723908,19,13,6,5,5,1,1SA
Q6577515,164,153,11,25,25,7,1SA;1CH;2CH;PSA;JER;ACT;HEB
Q7999473,2,2,0,1,1,1,1SA
Q4205417,3,2,1,2,2,1,1SA
Q132131679,1,0,1,1,1,1,1SA
Q124290973,1,1,0,1,1,1,1SA
Q5354448,1,1,0,1,1,1,1SA
Q20888416,9,6,3,4,4,2,1SA;1CH
Q3603527,6,5,1,3,3,2,1SA;1CH
Q2915270,19,3,16,9,9,4,1SA;2SA;1CH;ACT
Q16128781,4,1,3,4,4,2,1SA;1CH
Q3541493,1,0,1,1,1,1,1SA
Q2929707,1,0,1,1,1,1,1SA
Q2858222,1,0,1,1,1,1,1SA
Q28730,480,373,107,51,51,6,1SA;2SA;1CH;PSA;ISA;ACT
Q132132686,1,0,1,1,1,1,1SA
Q6959218,14,5,9,4,4,3,1SA;2SA;1CH
Q74891,105,81,24,15,15,3,1SA;2SA;1CH
Q4695144,1,0,1,1,1,1,1SA
Q132131762,1,1,0,1,1,1,1SA
Q132132935,11,9,2,5,5,2,1SA;1CH
Q10581739,3,3,0,2,2,1,1SA
Q1341397,20,20,0,7,7,3,1SA;2SA;1CH
Q9138866,3,1,2,2,2,1,1SA
Q114833216,1,0,1,1,1,1,1SA
Q1133337,54,49,5,6,6,2,1SA;2SA
Q132145387,10,0,10,4,4,2,1SA;2SA
Q390086,6,6,0,1,1,1,1SA
Q11903854,8,7,1,3,3,2,1SA;1CH
Q16130530,11,7,4,5,5,3,1SA;2SA;1CH
Q192785,24,14,10,7,7,3,1SA;2SA;1CH
Q96105737,9,7,2,3,3,3,1SA;1CH;2CH
Q2825091,2,2,0,2,2,2,1SA;2SA
Q400257,16,13,3,4,4,2,1SA;PSA
Q1234538,6,5,1,3,3,2,1SA;PSA
Q7041639,1,1,0,1,1,1,1SA
Q2559051,12,12,0,4,4,3,1SA;2SA;1CH
Q321804,29,23,6,13,13,4,1SA;2SA;1KI;1CH
Q1709507,26,19,7,5,5,2,1SA;2SA
Q4416778,27,26,1,6,6,3,1SA;2SA;1CH
Q400266,9,8,1,6,6,3,1SA;2SA;1CH
Q7128770,3,3,0,2,2,2,1SA;2SA
Q106096033,2,0,2,2,2,2,1SA;2SA
Q138720692,1,1,0,1,1,1,1SA
Q1154317,24,22,2,13,13,3,1SA;2SA;1CH
Q1141064,152,140,12,26,26,5,1SA;2SA;1KI;1CH;PSA
Q167185,14,14,0,3,3,1,1SA
Q125296348,2,0,2,2,2,2,1SA;1KI
Q1391553,11,11,0,1,1,1,1SA
Q6039896,10,8,2,4,4,2,1SA;1CH
Q313238,19,16,3,5,5,2,2SA;1CH
Q196771,22,0,22,15,15,2,2SA;1CH
Q2915076,18,14,4,6,6,2,2SA;1CH
Q361636,31,29,2,3,3,2,2SA;1CH
Q2418113,1,1,0,1,1,1,2SA
Q205372,111,92,19,12,12,4,2SA;1KI;1CH;PSA
Q11765188,2,1,1,2,2,2,2SA;1CH
Q33026733,3,1,2,3,3,2,2SA;1CH
Q360378,28,27,1,4,4,3,2SA;1KI;1CH
Q5638717,5,1,4,4,4,3,2SA;1KI;1CH
Q9351247,2,1,1,2,2,2,2SA;1CH
Q33026741,2,1,1,2,2,2,2SA;1CH
Q11727237,2,1,1,2,2,2,2SA;1CH
Q12630462,2,1,1,2,2,2,2SA;1CH
Q2899077,6,6,0,2,2,1,2SA
Q132154410,4,0,4,2,2,1,2SA
Q132166836,5,5,0,1,1,1,2SA
Q851686,27,22,5,7,7,2,2SA;1CH
Q467115,24,22,2,8,8,4,2SA;1KI;1CH;2CH
Q133263412,3,2,1,3,3,2,2SA;1CH
Q9352021,3,2,1,3,3,2,2SA;1CH
Q3437128,4,2,2,4,4,3,2SA;1CH;LUK
Q37085,388,317,71,63,63,14,2SA;1KI;2KI;1CH;2CH;EZR;NEH;PSA;PRO;SNG;JER;MAT;LUK;ACT
Q5984013,3,2,1,3,3,2,2SA;1CH
Q132170354,3,2,1,3,3,2,2SA;1CH
Q133258642,3,2,1,3,3,2,2SA;1CH
Q128310030,3,2,1,3,3,2,2SA;1CH
Q18246454,1,1,0,1,1,1,2SA
Q9252681,3,2,1,3,3,2,2SA;1CH
Q132170591,3,2,1,3,3,2,2SA;1CH
Q4331914,8,8,0,2,2,2,2SA;1CH
Q138713515,3,3,0,2,2,2,2SA;1CH
Q97171041,2,0,2,2,2,2,2SA;1CH
Q319116,31,28,3,7,7,5,2SA;1KI;1CH;2CH;PSA
Q97172306,3,0,3,2,2,1,2SA
Q7828518,4,4,0,2,2,2,2SA;1CH
Q124098203,4,4,0,2,2,2,2SA;1CH
Q20502574,3,3,0,3,3,2,2SA;1KI
Q132156345,3,0,3,3,3,2,2SA;1KI
Q140100,37,27,10,18,18,5,2SA;1KI;1CH;2CH;EZR
Q109376137,6,0,6,4,4,3,2SA;1CH;EZR
Q124385844,3,3,0,3,3,2,2SA;1CH
Q816667,26,26,0,9,9,3,2SA;1KI;1CH
Q124375125,20,0,20,9,9,3,2SA;1KI;1CH
Q8071402,17,17,0,3,3,1,2SA
Q18222843,3,3,0,2,2,1,2SA
Q125912709,3,0,3,2,2,1,2SA
Q3334052,11,11,0,2,2,2,2SA;1CH
Q133264893,3,3,0,2,2,2,2SA;1CH
Q272277,29,26,3,7,7,5,2SA;1KI;1CH;PSA;MAT
Q13408496,2,0,2,2,2,2,2SA;1CH
Q71267,29,20,9,6,6,4,2SA;1KI;1CH;MAT
Q2917173,19,18,1,2,2,2,2SA;1CH
Q6271831,5,5,0,1,1,1,2SA
Q132155850,1,0,1,1,1,1,2SA
Q30148909,1,1,0,1,1,1,2SA
Q400294,20,18,2,5,5,2,2SA;1CH
Q11714286,7,7,0,2,2,1,2SA
Q2904547,16,13,3,4,4,2,2SA;1CH
Q20502598,8,8,0,3,3,2,2SA;1KI
Q5949258,11,9,2,5,5,3,2SA;1KI;1CH
Q6978950,12,12,0,3,3,2,2SA;1KI
Q123121449,4,0,4,3,3,2,2SA;1KI
Q2689456,15,14,1,4,4,2,2SA;1CH
Q133259093,1,0,1,1,1,1,2SA
Q139883971,1,1,0,1,1,1,2SA
Q6710215,12,9,3,4,4,4,2SA;1KI;EZR;NEH
Q30526936,3,3,0,1,1,1,2SA
Q2627537,10,10,0,1,1,1,2SA
Q106079707,8,0,8,1,1,1,2SA
Q4057937,3,3,0,3,3,2,2SA;1KI
Q40326679,1,1,0,1,1,1,2SA
Q140047278,1,0,1,1,1,1,2SA
Q120758253,1,1,0,1,1,1,2SA
Q2131345,6,0,6,2,2,2,2SA;1CH
Q133268748,2,2,0,2,2,2,2SA;1CH
Q140420066,1,1,0,1,1,1,2SA
Q5360135,1,1,0,1,1,1,2SA
Q133256890,1,0,1,1,1,1,2SA
Q5354450,4,4,0,2,2,2,2SA;1CH
Q134699442,1,0,1,1,1,1,2SA
Q10367361,3,3,0,1,1,1,2SA
Q132157007,1,0,1,1,1,1,2SA
Q140488443,1,1,0,1,1,1,2SA
Q132165535,3,3,0,3,3,2,2SA;1CH
Q125478944,3,3,0,3,3,2,2SA;1CH
Q133269048,2,2,0,2,2,2,2SA;1CH
Q65303361,3,3,0,3,3,2,2SA;1CH
Q65303236,2,2,0,2,2,2,2SA;1CH
Q133263354,2,0,2,2,2,2,2SA;1CH
Q140254618,3,3,0,3,3,2,2SA;1CH
Q65303219,2,2,0,2,2,2,2SA;1CH
Q65302924,1,1,0,1,1,1,2SA
Q65302982,2,2,0,2,2,2,2SA;1CH
Q63555948,2,2,0,2,2,2,2SA;1CH
Q133257574,2,0,2,2,2,2,2SA;1CH
Q65302941,2,2,0,2,2,2,2SA;1CH
Q140288237,2,0,2,2,2,2,2SA;1CH
Q65303128,1,1,0,1,1,1,2SA
Q8183672,1,0,1,1,1,1,2SA
Q65303121,1,1,0,1,1,1,2SA
Q132166507,2,2,0,2,2,2,2SA;1CH
Q10343349,2,2,0,2,2,2,2SA;1CH
Q20788369,1,1,0,1,1,1,2SA
Q65302996,1,1,0,1,1,1,2SA
Q62029455,2,2,0,2,2,2,2SA;1CH
Q124315798,2,2,0,2,2,2,2SA;1CH
Q2910439,16,10,6,3,3,3,2SA;1CH;2CH
Q321469,6,6,0,2,2,1,1KI
Q133445157,1,1,0,1,1,1,1KI
Q7180687,7,7,0,5,5,2,1KI;2CH
Q114905766,1,1,0,1,1,1,1KI
Q133306277,1,1,0,1,1,1,1KI
Q124554205,1,1,0,1,1,1,1KI
Q133446358,1,0,1,1,1,1,1KI
Q139393705,1,1,0,1,1,1,1KI
Q135409140,1,1,0,1,1,1,1KI
Q133271521,1,1,0,1,1,1,1KI
Q123121734,1,0,1,1,1,1,1KI
Q133275527,1,1,0,1,1,1,1KI
Q133306533,1,0,1,1,1,1,1KI
Q133300641,1,1,0,1,1,1,1KI
Q133301315,1,0,1,1,1,1,1KI
Q133305413,1,1,0,1,1,1,1KI
Q140235999,1,1,0,1,1,1,1KI
Q9355142,1,1,0,1,1,1,1KI
Q139587497,1,1,0,1,1,1,1KI
Q132156462,1,0,1,1,1,1,1KI
Q133311031,1,1,0,1,1,1,1KI
Q133311044,1,0,1,1,1,1,1KI
Q110159933,1,0,1,1,1,1,1KI
Q4695120,1,1,0,1,1,1,1KI
Q138720643,1,1,0,1,1,1,1KI
Q9166659,1,1,0,1,1,1,1KI
Q139587667,1,1,0,1,1,1,1KI
Q139973134,1,1,0,1,1,1,1KI
Q139488721,1,0,1,1,1,1,1KI
Q1370913,2,0,2,2,2,2,1KI;1CH
Q123136728,2,0,2,2,2,2,1KI;1CH
Q123136730,2,0,2,2,2,2,1KI;1CH
Q123136734,2,0,2,2,2,2,1KI;1CH
Q2415069,1,0,1,1,1,1,1KI
Q108422651,9,9,0,3,3,2,1KI;2CH
Q159888,10,8,2,4,4,4,1KI;2CH;MAT;LUK
Q5637555,9,9,0,1,1,1,1KI
Q123126111,2,2,0,1,1,1,1KI
Q12058221,3,3,0,1,1,1,1KI
Q9266968,2,2,0,1,1,1,1KI
Q13589419,4,4,0,1,1,1,1KI
Q313219,99,67,32,21,21,3,1KI;2KI;2CH
Q26835883,25,0,25,17,17,3,1KI;2KI;2CH
Q8069663,1,1,0,1,1,1,1KI
Q2590260,14,13,1,6,6,2,1KI;2CH
Q211663,74,71,3,11,11,4,1KI;1CH;2CH;MAT
Q7499062,7,4,3,3,3,2,1KI;2CH
Q2090113,1,1,0,1,1,1,1KI
Q25491054,20,20,0,1,1,1,1KI
Q313228,89,60,29,22,22,7,1KI;2KI;1CH;2CH;JER;ZEP;MAT
Q6817157,3,3,0,1,1,1,1KI
Q18510709,5,5,0,1,1,1,1KI
Q313223,6,6,0,2,2,1,1KI
Q865263,3,3,0,2,2,2,1KI;2CH
Q273517,25,21,4,9,9,4,1KI;1CH;2CH;MAT
Q2903509,8,5,3,3,3,2,1KI;2CH
Q313415,60,49,11,12,12,5,1KI;1CH;2CH;JER;MAT
Q313224,32,23,9,7,7,4,1KI;2KI;2CH;JER
Q816397,7,4,3,3,3,2,1KI;2CH
Q6202803,1,0,1,1,1,1,1KI
Q5750060,1,0,1,1,1,1,1KI
Q126689,89,75,14,14,14,5,1KI;2KI;1CH;2CH;MAT
Q114841071,4,0,4,3,3,2,1KI;2KI
Q1686571,4,4,0,2,2,2,1KI;2CH
Q10293838,4,0,4,3,3,2,1KI;2CH
Q319020,8,8,0,1,1,1,1KI
Q138912203,1,1,0,1,1,1,1KI
Q313230,10,9,0,2,2,2,1KI;2KI
Q313221,14,9,5,4,4,4,1KI;2KI;2CH;MIC
Q887994,3,3,0,1,1,1,1KI
Q114906247,2,0,2,1,1,1,1KI
Q133454476,2,2,0,1,1,1,1KI
Q235901,181,129,52,17,17,4,1KI;2KI;2CH;MIC
Q721295,26,22,4,8,8,2,1KI;2KI
Q1277966,1,0,1,1,1,1,1KI
Q65176077,1,1,0,1,1,1,1KI
Q114008399,1,1,0,1,1,1,1KI
Q16258370,1,1,0,1,1,1,1KI
Q133507,124,93,24,23,23,8,1KI;2KI;MAL;MAT;MRK;LUK;JHN;ROM
Q6605722,7,7,0,1,1,1,1KI
Q7074556,11,11,0,1,1,1,1KI
Q127170,28,25,3,8,8,4,1KI;2KI;2CH;AMO
Q313225,73,67,6,10,10,4,1KI;2KI;2CH;HOS
Q206238,148,145,3,11,11,3,1KI;2KI;LUK
Q114685996,5,1,4,3,3,2,1KI;2KI
Q717814,31,31,0,4,4,2,1KI;2KI
Q44203,23,20,3,2,2,2,1KI;2KI
Q1531578,14,14,0,1,1,1,1KI
Q133322634,4,0,4,2,2,2,1KI;2CH
Q6586959,2,2,0,1,1,1,1KI
Q124790113,2,0,2,1,1,1,1KI
Q107646275,1,1,0,1,1,1,1KI
Q313213,20,19,1,3,3,3,1KI;2KI;2CH
Q4833002,2,0,2,2,2,2,1KI;2CH
Q133454594,2,0,2,2,2,2,1KI;2CH
Q313215,37,23,14,9,9,5,1KI;2KI;1CH;2CH;MAT
Q334739,48,39,9,7,7,2,2KI;2CH
Q350258,4,4,0,1,1,1,2KI
Q4428768,16,16,0,2,2,1,2KI
Q977435,22,22,0,3,3,1,2KI
Q126778,25,23,2,2,2,2,2KI;LUK
Q463934,20,16,4,5,5,2,2KI;2CH
Q313214,43,29,14,11,11,3,2KI;1CH;2CH
Q104536612,2,0,2,1,1,1,2KI
Q17012506,4,0,4,2,2,2,2KI;2CH
Q133520484,1,1,0,1,1,1,2KI
Q6176487,3,3,0,1,1,1,2KI
Q124149671,2,0,2,1,1,1,2KI
Q334729,15,7,8,4,4,2,2KI;2CH
Q4202829,3,3,0,2,2,2,2KI;2CH
Q313229,66,54,12,9,9,3,2KI;1CH;2CH
Q2194240,35,30,5,5,5,2,2KI;2CH
Q124129541,1,1,0,1,1,1,2KI
Q8071446,2,0,2,2,2,2,2KI;2CH
Q133760827,3,3,0,2,2,1,2KI
Q133815999,1,0,1,1,1,1,2KI
Q133760684,3,3,0,2,2,1,2KI
Q137824425,1,0,1,1,1,1,2KI
Q313237,43,35,8,8,8,3,2KI;1CH;2CH
Q816398,5,4,1,2,2,2,2KI;AMO
Q334736,33,27,6,5,5,4,2KI;2CH;HOS;AMO
Q313232,15,11,4,6,6,3,2KI;HOS;AMO
Q20502568,1,0,1,1,1,1,2KI
Q313216,39,24,15,12,12,8,2KI;1CH;2CH;ISA;HOS;AMO;ZEC;MAT
Q334726,4,4,0,2,2,1,2KI
Q20502646,2,0,2,2,2,2,2KI;2CH
Q109920,22,15,7,10,10,7,2KI;1CH;2CH;ISA;HOS;MIC;MAT
Q334748,4,4,0,1,1,1,2KI
Q16947750,3,0,3,1,1,1,2KI
Q313212,8,7,1,1,1,1,2KI
Q114906601,2,0,2,1,1,1,2KI
Q210074,10,10,0,3,3,2,2KI;2CH
Q334756,4,4,0,1,1,1,2KI
Q334744,19,17,2,5,5,3,2KI;2CH;ISA
Q114906785,13,0,13,5,5,3,2KI;2CH;ISA
Q131839413,1,1,0,1,1,1,2KI
Q131839428,1,1,0,1,1,1,2KI
Q319038,10,9,1,3,3,1,2KI
Q124309504,4,0,4,3,3,1,2KI
Q137824550,2,0,2,2,2,2,2KI;2CH
Q878947,10,10,0,5,5,2,2KI;ISA
Q30914,48,36,12,16,16,7,2KI;1CH;2CH;ISA;HOS;MIC;MAT
Q104898031,4,4,0,1,1,1,2KI
Q244912,155,142,13,24,24,9,2KI;1CH;2CH;PRO;ISA;JER;HOS;MIC;MAT
Q310640,8,8,0,2,2,1,2KI
Q3603705,2,0,2,2,2,2,2KI;2CH
Q123167260,1,0,1,1,1,1,2KI
Q207140,65,65,0,7,7,3,2KI;2CH;ISA
Q2920137,16,16,0,4,4,2,2KI;ISA
Q9252684,9,9,0,5,5,2,2KI;ISA
Q130270587,6,0,6,3,3,2,2KI;ISA
Q18191851,3,3,0,1,1,1,2KI
Q130243561,4,0,4,2,2,2,2KI;ISA
Q188794,57,33,23,29,29,9,2KI;2CH;ISA;MAT;MRK;LUK;JHN;ACT;ROM
Q4748020,13,0,13,10,10,3,2KI;2CH;ISA
Q638342,2,2,0,2,2,2,2KI;ISA
Q76383242,2,2,0,2,2,2,2KI;ISA
Q193912,3,2,1,3,3,3,2KI;EZR;ISA
Q12591,219,120,99,47,47,8,2KI;1CH;2CH;EZR;EST;JER;EZK;DAN
Q156328,32,21,11,9,9,5,2KI;1CH;2CH;JER;MAT
Q114771167,1,0,1,1,1,1,2KI
Q313423,18,11,7,7,7,6,2KI;1CH;2CH;JER;ZEP;MAT
Q114995259,1,0,1,1,1,1,2KI
Q115804881,1,0,1,1,1,1,2KI
Q135454571,1,0,1,1,1,1,2KI
Q135454557,1,0,1,1,1,1,2KI
Q2904866,22,16,6,6,6,3,2KI;2CH;JER
Q9641178,2,0,2,2,2,2,2KI;2CH
Q137825058,1,0,1,1,1,1,2KI
Q3276278,17,14,3,6,6,4,2KI;1CH;2CH;EZR
Q4695108,19,3,16,7,7,3,2KI;2CH;JER
Q123165967,2,2,0,1,1,1,2KI
Q4803405,2,2,0,1,1,1,2KI
Q583207,4,4,0,2,2,2,2KI;2CH
Q133830235,2,0,2,2,2,2,2KI;2CH
Q125477325,2,0,2,2,2,2,2KI;2CH
Q6968837,1,0,1,1,1,1,2KI
Q336832,9,7,2,3,3,3,2KI;2CH;JER
Q16573951,2,0,2,2,2,1,2KI
Q319034,60,41,19,18,18,5,2KI;1CH;2CH;JER;DAN
Q30527376,1,0,1,1,1,1,2KI
Q319049,34,20,14,15,15,7,2KI;1CH;2CH;EST;JER;EZK;MAT
Q20502297,2,1,1,1,1,1,2KI
Q184273,82,68,14,20,20,5,2KI;1CH;2CH;JER;EZK
Q6903514,24,22,2,6,6,2,2KI;JER
Q18192237,4,1,3,3,3,3,2KI;1CH;EZR
Q133829336,1,1,0,1,1,1,2KI
Q1497453,27,25,2,5,5,2,2KI;JER
Q2903835,2,2,0,1,1,1,2KI
Q124344879,2,0,2,1,1,1,2KI
Q126008957,2,2,0,2,2,2,2KI;JER
Q124310229,1,0,1,1,1,1,2KI
Q313234,4,4,0,2,2,2,2KI;JER
Q2335214,1,0,1,1,1,1,1CH
Q372091,1,0,1,1,1,1,1CH
Q42532003,2,0,2,1,1,1,1CH
Q123189281,1,0,1,1,1,1,1CH
Q140363313,1,0,1,1,1,1,1CH
Q124556245,1,0,1,1,1,1,1CH
Q1687510,6,0,6,1,1,1,1CH
Q16938772,8,0,8,1,1,1,1CH
Q117074434,1,0,1,1,1,1,1CH
Q117074438,1,0,1,1,1,1,1CH
Q117074443,1,0,1,1,1,1,1CH
Q3603697,2,0,2,1,1,1,1CH
Q6659565,1,0,1,1,1,1,1CH
Q139582293,3,0,3,1,1,1,1CH
Q139890072,1,0,1,1,1,1,1CH
Q138828286,1,0,1,1,1,1,1CH
Q1296510,1,0,1,1,1,1,1CH
Q85853398,2,0,2,2,2,1,1CH
Q85854804,2,0,2,1,1,1,1CH
Q85853544,1,0,1,1,1,1,1CH
Q123168386,1,1,0,1,1,1,1CH
Q115481149,2,0,2,2,2,1,1CH
Q115481221,2,0,2,2,2,1,1CH
Q115481492,2,0,2,1,1,1,1CH
Q4997414,1,0,1,1,1,1,1CH
Q115481377,1,0,1,1,1,1,1CH
Q115481436,1,0,1,1,1,1,1CH
Q138678423,1,0,1,1,1,1,1CH
Q115481907,1,0,1,1,1,1,1CH
Q115481992,2,0,2,1,1,1,1CH
Q115482106,1,0,1,1,1,1,1CH
Q115482179,1,0,1,1,1,1,1CH
Q115482260,1,0,1,1,1,1,1CH
Q115482364,3,0,3,1,1,1,1CH
Q6121173,2,0,2,1,1,1,1CH
Q115750291,2,0,2,1,1,1,1CH
Q4667955,2,0,2,1,1,1,1CH
Q9138251,1,0,1,1,1,1,1CH
Q115750442,1,0,1,1,1,1,1CH
Q115750475,1,0,1,1,1,1,1CH
Q115750534,2,0,2,1,1,1,1CH
Q14920605,2,0,2,1,1,1,1CH
Q115750627,2,0,2,1,1,1,1CH
Q115754089,2,0,2,1,1,1,1CH
Q116729008,1,0,1,1,1,1,1CH
Q139008394,1,1,0,1,1,1,1CH
Q116729011,2,0,2,1,1,1,1CH
Q116729013,2,0,2,1,1,1,1CH
Q11955535,2,0,2,1,1,1,1CH
Q116729102,2,0,2,1,1,1,1CH
Q116729115,2,0,2,1,1,1,1CH
Q117054203,2,0,2,1,1,1,1CH
Q117054206,2,0,2,1,1,1,1CH
Q117054212,2,0,2,1,1,1,1CH
Q117054223,2,0,2,1,1,1,1CH
Q117195731,2,0,2,1,1,1,1CH
Q117195738,2,0,2,1,1,1,1CH
Q117195741,2,0,2,1,1,1,1CH
Q117212369,1,0,1,1,1,1,1CH
Q65129931,1,0,1,1,1,1,1CH
Q117212391,1,0,1,1,1,1,1CH
Q123121662,2,0,2,1,1,1,1CH
Q96049919,1,0,1,1,1,1,1CH
Q139673778,1,0,1,1,1,1,1CH
Q140068814,2,0,2,1,1,1,1CH
Q140289799,2,0,2,1,1,1,1CH
Q6123224,1,0,1,1,1,1,1CH
Q140320822,1,0,1,1,1,1,1CH
Q106414457,1,1,0,1,1,1,1CH
Q140172529,1,1,0,1,1,1,1CH
Q14923277,1,1,0,1,1,1,1CH
Q140320808,1,0,1,1,1,1,1CH
Q140007934,1,0,1,1,1,1,1CH
Q140420096,2,0,2,1,1,1,1CH
Q115762115,1,0,1,1,1,1,1CH
Q115945589,1,0,1,1,1,1,1CH
Q2256348,13,0,13,8,8,6,1CH;EZR;NEH;HAG;MAT;LUK
Q116923335,1,0,1,1,1,1,1CH
Q116923358,2,0,2,1,1,1,1CH
Q116923398,1,0,1,1,1,1,1CH
Q116923405,1,0,1,1,1,1,1CH
Q116923485,1,0,1,1,1,1,1CH
Q116923509,1,0,1,1,1,1,1CH
Q320139,25,20,5,12,12,7,1CH;EZR;NEH;HAG;ZEC;MAT;LUK
Q116923523,1,0,1,1,1,1,1CH
Q115804946,1,0,1,1,1,1,1CH
Q115805117,2,0,2,1,1,1,1CH
Q115805223,1,0,1,1,1,1,1CH
Q115037483,1,0,1,1,1,1,1CH
Q7080648,1,0,1,1,1,1,1CH
Q115858848,1,0,1,1,1,1,1CH
Q115805040,1,0,1,1,1,1,1CH
Q115037653,1,0,1,1,1,1,1CH
Q115805414,1,0,1,1,1,1,1CH
Q115805441,1,0,1,1,1,1,1CH
Q115805500,1,0,1,1,1,1,1CH
Q115805592,1,0,1,1,1,1,1CH
Q115805629,1,0,1,1,1,1,1CH
Q115805652,2,0,2,1,1,1,1CH
Q115805697,1,0,1,1,1,1,1CH
Q115806723,1,0,1,1,1,1,1CH
Q115806778,1,0,1,1,1,1,1CH
Q115806861,1,0,1,1,1,1,1CH
Q115806942,2,0,2,1,1,1,1CH
Q115807054,1,0,1,1,1,1,1CH
Q115807184,2,0,2,1,1,1,1CH
Q115807230,1,0,1,1,1,1,1CH
Q115807389,1,0,1,1,1,1,1CH
Q115858871,1,0,1,1,1,1,1CH
Q115858878,1,0,1,1,1,1,1CH
Q115858883,1,0,1,1,1,1,1CH
Q115858892,1,0,1,1,1,1,1CH
Q115858899,1,0,1,1,1,1,1CH
Q115858908,1,0,1,1,1,1,1CH
Q115858915,1,0,1,1,1,1,1CH
Q139884753,2,0,2,1,1,1,1CH
Q138697258,1,0,1,1,1,1,1CH
Q138720753,1,0,1,1,1,1,1CH
Q139592293,1,0,1,1,1,1,1CH
Q138847618,1,0,1,1,1,1,1CH
Q126009633,1,0,1,1,1,1,1CH
Q138746211,1,0,1,1,1,1,1CH
Q138714921,1,0,1,1,1,1,1CH
Q1676833,4,0,4,1,1,1,1CH
Q139857974,1,0,1,1,1,1,1CH
Q139659753,1,0,1,1,1,1,1CH
Q140377330,2,0,2,1,1,1,1CH
Q138721701,1,0,1,1,1,1,1CH
Q106128816,1,0,1,1,1,1,1CH
Q139580532,1,0,1,1,1,1,1CH
Q138943036,1,0,1,1,1,1,1CH
Q6818896,3,0,3,1,1,1,1CH
Q140312224,1,0,1,1,1,1,1CH
Q139764673,1,0,1,1,1,1,1CH
Q139929205,1,0,1,1,1,1,1CH
Q138722235,1,0,1,1,1,1,1CH
Q140254011,1,0,1,1,1,1,1CH
Q139585798,1,0,1,1,1,1,1CH
Q140254438,1,0,1,1,1,1,1CH
Q140420013,1,1,0,1,1,1,1CH
Q140312531,1,0,1,1,1,1,1CH
Q138863127,1,0,1,1,1,1,1CH
Q138716626,1,0,1,1,1,1,1CH
Q138973292,1,0,1,1,1,1,1CH
Q138715594,1,1,0,1,1,1,1CH
Q139891255,1,0,1,1,1,1,1CH
Q139928701,1,0,1,1,1,1,1CH
Q139104695,1,1,0,1,1,1,1CH
Q139583049,1,0,1,1,1,1,1CH
Q140235096,2,0,2,1,1,1,1CH
Q140235269,1,1,0,1,1,1,1CH
Q139568157,1,0,1,1,1,1,1CH
Q140068833,1,0,1,1,1,1,1CH
Q140289945,1,1,0,1,1,1,1CH
Q140288444,1,1,0,1,1,1,1CH
Q140247885,1,1,0,1,1,1,1CH
Q138844058,1,1,0,1,1,1,1CH
Q138609317,1,0,1,1,1,1,1CH
Q138658762,1,1,0,1,1,1,1CH
Q26743342,1,0,1,1,1,1,1CH
Q139580558,1,1,0,1,1,1,1CH
Q2338482,4,0,4,2,2,2,1CH;EZR
Q2836764,4,0,4,2,2,2,1CH;EZR
Q28665879,4,0,4,2,2,2,1CH;EZR
Q114681466,4,0,4,2,2,2,1CH;EZR
Q2603903,4,0,4,2,2,2,1CH;EZR
Q114878230,4,0,4,2,2,2,1CH;EZR
Q2025510,2,0,2,1,1,1,1CH
Q114905392,2,0,2,1,1,1,1CH
Q1989339,2,0,2,1,1,1,1CH
Q115738659,2,0,2,1,1,1,1CH
Q115738592,2,0,2,1,1,1,1CH
Q114905239,2,0,2,1,1,1,1CH
Q114905078,3,0,3,2,2,2,1CH;EZR
Q108612981,3,0,3,2,2,2,1CH;EZR
Q6176509,12,0,12,7,7,4,1CH;EZR;HAG;ZEC
Q117054231,2,0,2,1,1,1,1CH
Q117054240,2,0,2,2,2,2,1CH;2CH
Q117054247,2,1,1,2,2,2,1CH;2CH
Q117054252,1,0,1,1,1,1,1CH
Q117054261,2,0,2,1,1,1,1CH
Q5404150,2,0,2,1,1,1,1CH
Q140277255,1,1,0,1,1,1,1CH
Q138714031,1,0,1,1,1,1,1CH
Q140486012,11,6,5,5,5,2,1CH;2CH
Q115053944,1,0,1,1,1,1,1CH
Q115053965,1,0,1,1,1,1,1CH
Q123159077,1,0,1,1,1,1,1CH
Q115054087,1,0,1,1,1,1,1CH
Q115091007,1,0,1,1,1,1,1CH
Q115091034,1,0,1,1,1,1,1CH
Q115091088,1,0,1,1,1,1,1CH
Q115091142,1,0,1,1,1,1,1CH
Q115091192,1,0,1,1,1,1,1CH
Q43280403,36,11,25,25,25,5,1CH;2CH;EZR;NEH;PSA
Q117067059,2,0,2,2,2,1,1CH
Q117066963,1,0,1,1,1,1,1CH
Q117066407,1,0,1,1,1,1,1CH
Q117054285,1,0,1,1,1,1,1CH
Q117054281,1,0,1,1,1,1,1CH
Q138794179,1,0,1,1,1,1,1CH
Q133885934,1,0,1,1,1,1,1CH
Q6416566,1,0,1,1,1,1,1CH
Q138575503,1,0,1,1,1,1,1CH
Q138716663,1,0,1,1,1,1,1CH
Q138722297,1,0,1,1,1,1,1CH
Q140032745,1,0,1,1,1,1,1CH
Q139270762,2,0,2,1,1,1,1CH
Q140031414,1,0,1,1,1,1,1CH
Q139270783,1,0,1,1,1,1,1CH
Q139105278,1,0,1,1,1,1,1CH
Q138836691,1,0,1,1,1,1,1CH
Q123168777,1,0,1,1,1,1,1CH
Q138744777,1,0,1,1,1,1,1CH
Q138701416,1,0,1,1,1,1,1CH
Q140316138,1,0,1,1,1,1,1CH
Q138843766,1,1,0,1,1,1,1CH
Q139671019,1,1,0,1,1,1,1CH
Q138690625,1,0,1,1,1,1,1CH
Q140009792,2,0,2,1,1,1,1CH
Q139492046,2,0,2,1,1,1,1CH
Q140160297,1,0,1,1,1,1,1CH
Q138744866,1,0,1,1,1,1,1CH
Q85854722,1,0,1,1,1,1,1CH
Q135979824,1,0,1,1,1,1,1CH
Q139679044,1,0,1,1,1,1,1CH
Q139679053,1,0,1,1,1,1,1CH
Q138848707,1,0,1,1,1,1,1CH
Q139832399,1,0,1,1,1,1,1CH
Q29167793,2,0,2,1,1,1,1CH
Q139592801,1,0,1,1,1,1,1CH
Q139679239,1,0,1,1,1,1,1CH
Q139882201,2,0,2,1,1,1,1CH
Q139860046,1,0,1,1,1,1,1CH
Q138973147,1,0,1,1,1,1,1CH
Q138656270,1,0,1,1,1,1,1CH
Q140472085,1,0,1,1,1,1,1CH
Q138787635,1,0,1,1,1,1,1CH
Q8074241,2,0,2,1,1,1,1CH
Q140131400,1,0,1,1,1,1,1CH
Q138710790,1,0,1,1,1,1,1CH
Q139741844,1,0,1,1,1,1,1CH
Q139858084,1,0,1,1,1,1,1CH
Q140289766,1,0,1,1,1,1,1CH
Q139962196,1,0,1,1,1,1,1CH
Q140172322,1,0,1,1,1,1,1CH
Q18225944,1,0,1,1,1,1,1CH
Q138747292,1,0,1,1,1,1,1CH
Q9366449,1,0,1,1,1,1,1CH
Q9158805,1,0,1,1,1,1,1CH
Q9188858,1,0,1,1,1,1,1CH
Q11834917,1,0,1,1,1,1,1CH
Q138610119,1,0,1,1,1,1,1CH
Q22017204,1,0,1,1,1,1,1CH
Q138679387,1,1,0,1,1,1,1CH
Q138713948,1,0,1,1,1,1,1CH
Q140320750,1,0,1,1,1,1,1CH
Q124749788,1,0,1,1,1,1,1CH
Q138847431,1,0,1,1,1,1,1CH
Q140472420,1,0,1,1,1,1,1CH
Q140032875,1,0,1,1,1,1,1CH
Q140068842,1,0,1,1,1,1,1CH
Q138713556,1,0,1,1,1,1,1CH
Q140277274,1,0,1,1,1,1,1CH
Q138862766,1,0,1,1,1,1,1CH
Q138747309,1,0,1,1,1,1,1CH
Q138862788,1,0,1,1,1,1,1CH
Q138785834,1,0,1,1,1,1,1CH
Q139008687,1,0,1,1,1,1,1CH
Q139929149,1,0,1,1,1,1,1CH
Q123165969,1,0,1,1,1,1,1CH
Q138785848,1,0,1,1,1,1,1CH
Q138744911,1,0,1,1,1,1,1CH
Q140289921,1,0,1,1,1,1,1CH
Q140137996,1,0,1,1,1,1,1CH
Q139221352,1,0,1,1,1,1,1CH
Q138785933,1,0,1,1,1,1,1CH
Q123165968,2,0,2,2,2,1,1CH
Q138714467,2,0,2,2,2,1,1CH
Q139583200,2,0,2,2,2,1,1CH
Q138713654,2,0,2,2,2,1,1CH
Q138778321,2,0,2,2,2,1,1CH
Q139962121,2,2,0,2,2,1,1CH
Q139672422,2,2,0,2,2,1,1CH
Q138701460,2,0,2,2,2,1,1CH
Q139575398,2,0,2,2,2,1,1CH
Q138795191,3,0,3,2,2,1,1CH
Q139574917,6,6,0,2,2,1,1CH
Q140247878,2,1,1,2,2,1,1CH
Q139492418,2,0,2,1,1,1,1CH
Q139268185,1,1,0,1,1,1,1CH
Q138721705,1,0,1,1,1,1,1CH
Q139270825,1,0,1,1,1,1,1CH
Q139601093,1,1,0,1,1,1,1CH
Q138786777,1,0,1,1,1,1,1CH
Q140382330,1,1,0,1,1,1,1CH
Q138713763,5,3,2,5,5,3,1CH;EZR;NEH
Q139678428,5,3,2,5,5,3,1CH;EZR;NEH
Q138720670,1,1,0,1,1,1,1CH
Q138768325,1,1,0,1,1,1,1CH
Q139580941,1,1,0,1,1,1,1CH
Q2903701,1,1,0,1,1,1,1CH
Q5410951,1,1,0,1,1,1,1CH
Q63555805,2,2,0,2,2,1,1CH
Q65303389,1,1,0,1,1,1,1CH
Q65303210,1,1,0,1,1,1,1CH
Q132166874,1,0,1,1,1,1,1CH
Q139488705,1,0,1,1,1,1,1CH
Q138679459,1,1,0,1,1,1,1CH
Q22039166,1,0,1,1,1,1,1CH
Q133269074,1,1,0,1,1,1,1CH
Q138035004,1,1,0,1,1,1,1CH
Q65303551,1,1,0,1,1,1,1CH
Q138691037,1,0,1,1,1,1,1CH
Q139890341,1,0,1,1,1,1,1CH
Q139270941,1,1,0,1,1,1,1CH
Q140312273,1,1,0,1,1,1,1CH
Q139928707,1,0,1,1,1,1,1CH
Q20502064,1,1,0,1,1,1,1CH
Q140068854,1,0,1,1,1,1,1CH
Q126009808,1,1,0,1,1,1,1CH
Q139575444,1,0,1,1,1,1,1CH
Q140355744,1,1,0,1,1,1,1CH
Q140133636,1,1,0,1,1,1,1CH
Q140042758,1,1,0,1,1,1,1CH
Q139383428,1,1,0,1,1,1,1CH
Q139297520,1,1,0,1,1,1,1CH
Q123159226,1,1,0,1,1,1,1CH
Q138713172,1,1,0,1,1,1,1CH
Q138835411,1,1,0,1,1,1,1CH
Q139104470,2,2,0,1,1,1,1CH
Q138942310,2,2,0,1,1,1,1CH
Q138721721,2,2,0,1,1,1,1CH
Q3567244,13,9,4,7,7,3,1CH;2CH;PSA
Q140486113,1,0,1,1,1,1,1CH
Q140032442,3,3,0,2,2,1,1CH
Q139490441,2,2,0,1,1,1,1CH
Q140289012,4,4,0,3,3,2,1CH;2CH
Q130323174,1,1,0,1,1,1,1CH
Q140185473,1,1,0,1,1,1,1CH
Q123159228,1,1,0,1,1,1,1CH
Q5637565,6,5,1,1,1,1,1CH
Q138843527,2,2,0,2,2,1,1CH
Q140130800,1,1,0,1,1,1,1CH
Q138715703,1,1,0,1,1,1,1CH
Q6394968,1,0,1,1,1,1,1CH
Q16595329,3,0,3,2,2,1,1CH
Q140377287,1,1,0,1,1,1,1CH
Q140131269,2,0,2,1,1,1,1CH
Q140289745,1,1,0,1,1,1,1CH
Q138768384,1,1,0,1,1,1,1CH
Q140355674,2,0,2,1,1,1,1CH
Q139883648,1,0,1,1,1,1,1CH
Q138863136,1,0,1,1,1,1,1CH
Q138863149,1,1,0,1,1,1,1CH
Q138972247,2,2,0,1,1,1,1CH
Q140486002,1,1,0,1,1,1,1CH
Q138847635,1,1,0,1,1,1,1CH
Q140172519,1,1,0,1,1,1,1CH
Q140472316,1,1,0,1,1,1,1CH
Q139268271,1,1,0,1,1,1,1CH
Q133456354,1,0,1,1,1,1,1CH
Q141017653,5,5,0,1,1,1,1CH
Q140053768,3,3,0,1,1,1,1CH
Q140472345,1,1,0,1,1,1,1CH
Q140377248,1,1,0,1,1,1,1CH
Q139928723,1,1,0,1,1,1,1CH
Q139660799,1,1,0,1,1,1,1CH
Q139847189,1,1,0,1,1,1,1CH
Q138679908,1,1,0,1,1,1,1CH
Q138786846,1,1,0,1,1,1,1CH
Q140130775,3,3,0,1,1,1,1CH
Q138863467,1,0,1,1,1,1,1CH
Q138721781,1,1,0,1,1,1,1CH
Q138862803,1,1,0,1,1,1,1CH
Q140312264,1,1,0,1,1,1,1CH
Q138786901,1,0,1,1,1,1,1CH
Q140030800,1,1,0,1,1,1,1CH
Q139580593,1,0,1,1,1,1,1CH
Q139383525,1,1,0,1,1,1,1CH
Q139575467,1,1,0,1,1,1,1CH
Q139963677,1,1,0,1,1,1,1CH
Q11955533,1,1,0,1,1,1,1CH
Q139583253,1,1,0,1,1,1,1CH
Q139890975,1,1,0,1,1,1,1CH
Q140288456,1,1,0,1,1,1,1CH
Q140289071,1,0,1,1,1,1,1CH
Q114752409,1,1,0,1,1,1,2CH
Q6182203,1,0,1,1,1,1,2CH
Q114752196,1,0,1,1,1,1,2CH
Q123269487,1,1,0,1,1,1,2CH
Q123269545,1,1,0,1,1,1,2CH
Q8064608,1,1,0,1,1,1,2CH
Q139298368,1,1,0,1,1,1,2CH
Q138715678,1,1,0,1,1,1,2CH
Q140130979,1,1,0,1,1,1,2CH
Q114921395,1,0,1,1,1,1,2CH
Q138780065,1,1,0,1,1,1,2CH
Q4832269,2,2,0,1,1,1,2CH
Q19893741,2,0,2,1,1,1,2CH
Q140252927,1,1,0,1,1,1,2CH
Q138768931,1,1,0,1,1,1,2CH
Q140053796,1,1,0,1,1,1,2CH
Q138862815,1,1,0,1,1,1,2CH
Q138936362,1,1,0,1,1,1,2CH
Q140032487,1,1,0,1,1,1,2CH
Q138648102,1,1,0,1,1,1,2CH
Q139571176,1,1,0,1,1,1,2CH
Q139571156,1,1,0,1,1,1,2CH
Q138704639,1,1,0,1,1,1,2CH
Q138787064,1,0,1,1,1,1,2CH
Q138720971,1,1,0,1,1,1,2CH
Q138862822,1,1,0,1,1,1,2CH
Q1966067,1,1,0,1,1,1,2CH
Q116686349,3,2,1,1,1,1,2CH
Q116686355,3,2,1,1,1,1,2CH
Q116686363,3,2,1,1,1,1,2CH
Q116686368,3,2,1,1,1,1,2CH
Q116686376,3,2,1,1,1,1,2CH
Q116686382,3,2,1,1,1,1,2CH
Q123148948,1,1,0,1,1,1,2CH
Q123148903,1,0,1,1,1,1,2CH
Q138787153,1,0,1,1,1,1,2CH
Q2060131,4,4,0,1,1,1,2CH
Q138862846,1,0,1,1,1,1,2CH
Q138787402,1,1,0,1,1,1,2CH
Q139582124,1,1,0,1,1,1,2CH
Q16341302,1,1,0,1,1,1,2CH
Q140382407,1,1,0,1,1,1,2CH
Q138721387,1,1,0,1,1,1,2CH
Q123159230,1,0,1,1,1,1,2CH
Q139557277,1,0,1,1,1,1,2CH
Q123165802,1,0,1,1,1,1,2CH
Q139557409,1,1,0,1,1,1,2CH
Q139928732,1,1,0,1,1,1,2CH
Q140053814,1,1,0,1,1,1,2CH
Q139268377,1,1,0,1,1,1,2CH
Q140499759,3,3,0,2,2,1,2CH
Q139963652,2,2,0,1,1,1,2CH
Q139574764,1,1,0,1,1,1,2CH
Q138936700,1,1,0,1,1,1,2CH
Q138721004,1,1,0,1,1,1,2CH
Q140158808,1,1,0,1,1,1,2CH
Q138769597,1,1,0,1,1,1,2CH
Q125102,6,6,0,2,2,1,2CH
Q158825,142,135,7,40,40,5,2CH;EZR;JER;DAN;MAT
Q8423,22,9,13,11,11,4,2CH;EZR;ISA;DAN
Q55649336,1,1,0,1,1,1,EZR
Q94258346,4,2,2,2,2,1,EZR
Q6884731,2,2,0,2,2,2,EZR;NEH
Q139600850,1,1,0,1,1,1,EZR
Q1577528,3,0,3,3,3,1,EZR
Q138782353,2,0,2,2,2,2,EZR;NEH
Q7124538,2,0,2,2,2,1,EZR
Q138862840,4,0,4,4,4,2,EZR;NEH
Q139008708,2,0,2,2,2,2,EZR;NEH
Q65303005,5,0,5,4,4,2,EZR;NEH
Q139575116,2,0,2,2,2,2,EZR;NEH
Q139075889,2,0,2,2,2,2,EZR;NEH
Q139115091,2,0,2,2,2,2,EZR;NEH
Q139890037,2,0,2,2,2,2,EZR;NEH
Q138834645,2,0,2,2,2,2,EZR;NEH
Q139691790,2,0,2,2,2,2,EZR;NEH
Q139832356,1,0,1,1,1,1,EZR
Q138713779,1,0,1,1,1,1,EZR
Q138713964,2,0,2,2,2,2,EZR;NEH
Q138973384,1,0,1,1,1,1,EZR
Q139601184,2,0,2,2,2,2,EZR;NEH
Q140133508,2,0,2,2,2,2,EZR;NEH
Q139969310,2,0,2,2,2,2,EZR;NEH
Q139780600,2,0,2,2,2,2,EZR;NEH
Q139592150,2,0,2,2,2,2,EZR;NEH
Q139741904,2,0,2,2,2,2,EZR;NEH
Q140030834,2,0,2,2,2,2,EZR;NEH
Q138721677,2,0,2,2,2,2,EZR;NEH
Q139571166,1,0,1,1,1,1,EZR
Q140047323,2,0,2,2,2,2,EZR;NEH
Q783824,21,19,2,9,9,4,EZR;NEH;HAG;ZEC
Q44387,20,12,8,7,7,3,EZR;HAG;ZEC
Q129165,127,126,1,11,11,2,EZR;EST
Q189689,46,37,9,7,7,2,EZR;NEH
Q104783764,1,1,0,1,1,1,EZR
Q131782870,4,4,0,1,1,1,EZR
Q136374598,4,4,0,1,1,1,EZR
Q171191,1,0,1,1,1,1,EZR
Q1613144,11,11,0,4,4,2,EZR;HAG
Q1641601,4,4,0,2,2,1,EZR
Q56433512,4,4,0,2,2,1,EZR
Q191787,28,28,0,4,4,2,EZR;NEH
Q114878222,1,0,1,1,1,1,EZR
Q140158813,1,0,1,1,1,1,EZR
Q138836624,1,0,1,1,1,1,EZR
Q140158822,1,1,0,1,1,1,EZR
Q61895312,1,1,0,1,1,1,EZR
Q139292947,1,0,1,1,1,1,EZR
Q138862830,1,1,0,1,1,1,EZR
Q140130891,1,1,0,1,1,1,EZR
Q138771285,1,1,0,1,1,1,EZR
Q140053892,1,1,0,1,1,1,EZR
Q139268203,1,1,0,1,1,1,EZR
Q138863157,1,1,0,1,1,1,EZR
Q138845234,1,1,0,1,1,1,EZR
Q138771771,1,1,0,1,1,1,EZR
Q140184305,2,2,0,1,1,1,EZR
Q5354451,1,1,0,1,1,1,EZR
Q140158844,1,1,0,1,1,1,EZR
Q138950701,1,0,1,1,1,1,EZR
Q139585866,1,0,1,1,1,1,EZR
Q140320796,1,1,0,1,1,1,EZR
Q138862838,1,1,0,1,1,1,EZR
Q139963579,1,1,0,1,1,1,EZR
Q139592569,1,1,0,1,1,1,EZR
Q139488808,1,1,0,1,1,1,EZR
Q138771951,1,1,0,1,1,1,EZR
Q123165801,1,1,0,1,1,1,EZR
Q138848751,1,1,0,1,1,1,EZR
Q139575318,1,1,0,1,1,1,EZR
Q8063457,1,1,0,1,1,1,EZR
Q139297405,1,1,0,1,1,1,EZR
Q138634837,1,1,0,1,1,1,EZR
Q140248039,1,1,0,1,1,1,EZR
Q138706939,1,1,0,1,1,1,EZR
Q139931507,1,1,0,1,1,1,EZR
Q140316285,1,1,0,1,1,1,EZR
Q140042772,1,1,0,1,1,1,EZR
Q138848768,1,1,0,1,1,1,EZR
Q139963567,1,1,0,1,1,1,EZR
Q123168995,1,0,1,1,1,1,EZR
Q123168982,1,1,0,1,1,1,EZR
Q139495844,1,1,0,1,1,1,EZR
Q14925218,1,0,1,1,1,1,EZR
Q139963558,1,1,0,1,1,1,EZR
Q140131794,1,1,0,1,1,1,EZR
Q123148835,1,1,0,1,1,1,EZR
Q140277282,1,1,0,1,1,1,EZR
Q140288225,1,1,0,1,1,1,EZR
Q139383580,1,1,0,1,1,1,EZR
Q140131733,1,1,0,1,1,1,EZR
Q140042780,1,1,0,1,1,1,EZR
Q138848774,1,1,0,1,1,1,EZR
Q139008353,1,1,0,1,1,1,EZR
Q1025598,7,7,0,5,5,1,NEH
Q5637034,2,0,2,2,2,1,NEH
Q137798603,2,2,0,2,2,1,NEH
Q131753159,1,1,0,1,1,1,NEH
Q751918,10,10,0,4,4,1,NEH
Q4201578,11,11,0,3,3,1,NEH
Q4290819,3,3,0,2,2,1,NEH
Q9252723,11,7,4,3,3,1,NEH
Q135646994,4,0,4,4,4,3,NEH;JER;ZEC
Q137798632,1,1,0,1,1,1,NEH
Q138862854,1,1,0,1,1,1,NEH
Q139591988,1,0,1,1,1,1,NEH
Q139268424,1,1,0,1,1,1,NEH
Q139574817,1,0,1,1,1,1,NEH
Q140133383,1,1,0,1,1,1,NEH
Q139969885,1,1,0,1,1,1,NEH
Q138862662,1,0,1,1,1,1,NEH
Q140316308,1,1,0,1,1,1,NEH
Q139567993,2,2,0,1,1,1,NEH
Q138727580,1,0,1,1,1,1,NEH
Q138862863,1,1,0,1,1,1,NEH
Q140131632,1,0,1,1,1,1,NEH
Q139008748,1,0,1,1,1,1,NEH
Q137798637,1,1,0,1,1,1,NEH
Q112991274,1,1,0,1,1,1,NEH
Q140160096,1,1,0,1,1,1,NEH
Q138757378,1,0,1,1,1,1,NEH
Q139741971,1,0,1,1,1,1,NEH
Q140068852,1,1,0,1,1,1,NEH
Q138716465,1,1,0,1,1,1,NEH
Q139104438,1,1,0,1,1,1,NEH
Q138772237,1,1,0,1,1,1,NEH
Q139694083,4,4,0,3,3,1,NEH
Q140184315,4,4,0,3,3,1,NEH
Q138713794,1,1,0,1,1,1,NEH
Q140320787,1,1,0,1,1,1,NEH
Q139568083,1,1,0,1,1,1,NEH
Q140185477,3,3,0,2,2,1,NEH
Q139694166,1,1,0,1,1,1,NEH
Q125503923,1,1,0,1,1,1,NEH
Q138720623,1,1,0,1,1,1,NEH
Q138721112,1,1,0,1,1,1,NEH
Q140185493,1,1,0,1,1,1,NEH
Q140047142,1,1,0,1,1,1,NEH
Q139383032,1,0,1,1,1,1,NEH
Q140185502,1,1,0,1,1,1,NEH
Q140315804,1,1,0,1,1,1,NEH
Q138862844,1,1,0,1,1,1,NEH
Q139799192,1,1,0,1,1,1,NEH
Q139575205,1,1,0,1,1,1,NEH
Q140146976,1,1,0,1,1,1,NEH
Q138648164,1,1,0,1,1,1,NEH
Q139118559,1,1,0,1,1,1,NEH
Q139582348,1,1,0,1,1,1,NEH
Q138744799,1,1,0,1,1,1,NEH
Q138862880,1,1,0,1,1,1,NEH
Q139884166,1,1,0,1,1,1,NEH
Q138726143,1,1,0,1,1,1,NEH
Q139600900,1,1,0,1,1,1,NEH
Q139216041,1,1,0,1,1,1,NEH
Q139269155,1,0,1,1,1,1,NEH
Q138772286,1,0,1,1,1,1,NEH
Q138721154,1,0,1,1,1,1,NEH
Q140030848,1,0,1,1,1,1,NEH
Q140047193,1,0,1,1,1,1,NEH
Q138640478,1,0,1,1,1,1,NEH
Q138772321,1,0,1,1,1,1,NEH
Q125747629,1,1,0,1,1,1,NEH
Q140472446,1,1,0,1,1,1,NEH
Q138792911,1,0,1,1,1,1,NEH
Q138722307,1,0,1,1,1,1,NEH
Q138772355,1,0,1,1,1,1,NEH
Q138863473,1,1,0,1,1,1,NEH
Q139581847,1,0,1,1,1,1,NEH
Q140320763,1,1,0,1,1,1,NEH
Q139601236,1,1,0,1,1,1,NEH
Q138834681,1,1,0,1,1,1,NEH
Q139270863,1,1,0,1,1,1,NEH
Q139799251,1,0,1,1,1,1,NEH
Q139490514,1,1,0,1,1,1,NEH
Q11979099,4,4,0,1,1,1,NEH
Q6268944,4,4,0,2,2,1,NEH
Q6215520,4,4,0,1,1,1,NEH
Q2723012,2,2,0,1,1,1,NEH
Q138772663,1,1,0,1,1,1,NEH
Q138792923,1,1,0,1,1,1,NEH
Q139270899,1,1,0,1,1,1,NEH
Q138722243,1,1,0,1,1,1,NEH
Q140316349,1,1,0,1,1,1,NEH
Q138772765,2,2,0,1,1,1,NEH
Q139383649,1,1,0,1,1,1,NEH
Q139270923,1,1,0,1,1,1,NEH
Q140131608,1,1,0,1,1,1,NEH
Q138862884,1,1,0,1,1,1,NEH
Q138863241,1,0,1,1,1,1,NEH
Q1917635,1,1,0,1,1,1,EST
Q6578364,2,2,0,2,2,1,EST
Q859753,1,1,0,1,1,1,EST
Q304781,1,1,0,1,1,1,EST
Q2274631,1,1,0,1,1,1,EST
Q115859316,1,1,0,1,1,1,EST
Q123754572,2,2,0,1,1,1,EST
Q123754610,2,2,0,1,1,1,EST
Q123754589,2,2,0,1,1,1,EST
Q123569643,2,2,0,1,1,1,EST
Q137798754,2,2,0,1,1,1,EST
Q137798757,2,2,0,1,1,1,EST
Q10328578,4,4,0,1,1,1,EST
Q5698294,4,4,0,1,1,1,EST
Q1136380,60,60,0,9,9,1,EST
Q85853547,1,0,1,1,1,1,EST
Q123128651,1,0,1,1,1,1,EST
Q123128660,1,0,1,1,1,1,EST
Q732413,53,53,0,7,7,1,EST
Q131840721,3,1,2,2,2,1,EST
Q133500750,1,1,0,1,1,1,EST
Q2776580,3,2,1,2,2,1,EST
Q137798776,3,2,1,2,2,1,EST
Q650680,51,45,6,7,7,1,EST
Q1424200,5,0,5,3,3,1,EST
Q6542762,5,5,0,1,1,1,EST
Q939384,4,4,0,2,2,1,EST
Q138973522,1,1,0,1,1,1,EST
Q138840184,1,1,0,1,1,1,EST
Q138845284,1,1,0,1,1,1,EST
Q138839979,1,1,0,1,1,1,EST
Q133538725,1,1,0,1,1,1,EST
Q179962,68,65,3,24,24,3,JOB;EZK;JAS
Q16070970,1,1,0,1,1,1,JOB
Q3781157,10,10,0,6,6,1,JOB
Q2776374,10,10,0,6,6,1,JOB
Q3867348,9,9,0,5,5,1,JOB
Q471388,6,6,0,4,4,1,JOB
Q130283101,2,0,2,1,1,1,JOB
Q3107413,2,2,0,1,1,1,JOB
Q1478110,2,2,0,1,1,1,JOB
Q3201131,2,2,0,1,1,1,JOB
Q123169391,1,1,0,1,1,1,PSA
Q302,2091,1369,722,255,255,33,PSA;ISA;DAN;HOS;MIC;ZEC;MAL;MAT;MRK;LUK;JHN;ACT;ROM;1CO;2CO;GAL;EPH;PHP;COL;1TH;2TH;1TI;2TI;TIT;PHM;HEB;JAS;1PE;2PE;1JN;2JN;JUD;REV
Q398663,1,1,0,1,1,1,PRO
Q22905935,1,1,0,1,1,1,PRO
Q6521531,2,2,0,1,1,1,PRO
Q138721733,1,0,1,1,1,1,SNG
Q18192190,1,1,0,1,1,1,ISA
Q345,48,44,4,11,11,6,ISA;MAT;MRK;LUK;JHN;ACT
Q124219534,1,1,0,1,1,1,ISA
Q134721755,1,0,1,1,1,1,ISA
Q2903829,3,3,0,1,1,1,ISA
Q208336,3,0,3,1,1,1,ISA
Q7492261,2,2,0,1,1,1,ISA
Q130271252,3,3,0,1,1,1,ISA
Q356505,1,1,0,1,1,1,ISA
Q130266607,1,0,1,1,1,1,ISA
Q40662,125,88,37,33,33,7,ISA;MAL;MAT;MRK;LUK;JHN;ACT
Q25796501,1,0,1,1,1,1,JER
Q124314518,5,5,0,1,1,1,JER
Q124334452,2,0,2,2,2,1,JER
Q124290531,2,0,2,2,2,1,JER
Q2804969,2,1,1,2,2,2,JER;MIC
Q3206316,3,3,0,1,1,1,JER
Q124382215,1,0,1,1,1,1,JER
Q109023366,3,3,0,2,2,1,JER
Q135454523,2,0,2,2,2,1,JER
Q6644516,9,9,0,1,1,1,JER
Q124255564,1,0,1,1,1,1,JER
Q124306645,1,1,0,1,1,1,JER
Q135335813,1,1,0,1,1,1,JER
Q123344686,2,2,0,1,1,1,JER
Q124304818,1,0,1,1,1,1,JER
Q138720632,2,2,0,1,1,1,JER
Q140053993,4,4,0,1,1,1,JER
Q11689901,4,3,1,1,1,1,JER
Q124382772,1,0,1,1,1,1,JER
Q599907,24,24,0,4,4,1,JER
Q6996190,10,0,10,5,5,1,JER
Q124256160,1,1,0,1,1,1,JER
Q124315903,1,0,1,1,1,1,JER
Q6663390,4,3,1,1,1,1,JER
Q124309935,3,3,0,1,1,1,JER
Q124305892,2,2,0,1,1,1,JER
Q138720656,1,1,0,1,1,1,JER
Q18191849,4,4,0,1,1,1,JER
Q124346862,1,0,1,1,1,1,JER
Q124383678,1,0,1,1,1,1,JER
Q124385912,1,1,0,1,1,1,JER
Q124306725,1,0,1,1,1,1,JER
Q32979697,1,1,0,1,1,1,JER
Q2613514,1,0,1,1,1,1,JER
Q124316105,2,2,0,1,1,1,JER
Q140131442,1,0,1,1,1,1,JER
Q130280934,1,0,1,1,1,1,JER
Q124316520,3,3,0,2,2,1,JER
Q124386155,1,1,0,1,1,1,JER
Q124334352,1,0,1,1,1,1,JER
Q177617,6,6,0,2,2,1,JER
Q86678325,2,2,0,1,1,1,JER
Q131920039,1,1,0,1,1,1,JER
Q140377305,1,1,0,1,1,1,JER
Q124392739,1,0,1,1,1,1,JER
Q124310316,1,0,1,1,1,1,JER
Q124375387,2,0,2,2,2,1,JER
Q140377442,2,2,0,1,1,1,JER
Q194064,94,94,0,39,39,1,EZK
Q135297,1,0,1,1,1,1,EZK
Q126009060,1,1,0,1,1,1,EZK
Q124382588,1,0,1,1,1,1,EZK
Q130284718,1,0,1,1,1,1,EZK
Q18192102,2,2,0,1,1,1,EZK
Q130288546,2,0,2,1,1,1,EZK
Q171724,86,83,3,12,12,3,EZK;DAN;MAT
Q5882214,10,0,0,2,2,1,EZK
Q110844406,4,4,0,1,1,1,DAN
Q5891723,22,22,0,3,3,1,DAN
Q11343582,22,22,0,3,3,1,DAN
Q8183887,22,22,0,3,3,1,DAN
Q124541190,4,4,0,1,1,1,DAN
Q225198,20,19,1,3,3,1,DAN
Q603176,30,30,0,3,3,1,DAN
Q81989,12,12,0,3,3,2,DAN;LUK
Q45581,5,4,1,4,4,3,DAN;JUD;REV
Q665541,5,5,0,1,1,1,HOS
Q124751797,1,0,1,1,1,1,HOS
Q5581166,4,4,0,2,2,1,HOS
Q126194507,1,0,1,1,1,1,HOS
Q11727245,2,2,0,1,1,1,HOS
Q11762292,3,3,0,1,1,1,HOS
Q11762291,1,1,0,1,1,1,HOS
Q45053,2,1,1,2,2,2,JOL;ACT
Q126367633,1,0,1,1,1,1,JOL
Q213850,8,8,0,3,3,1,AMO
Q11957664,2,2,0,1,1,1,AMO
Q479645,1,1,0,1,1,1,OBA
Q2468262,29,20,9,7,7,3,JON;MAT;LUK
Q4746955,1,0,1,1,1,1,JON
Q1981722,1,1,0,1,1,1,NAM
Q135106,2,2,0,2,2,1,HAB
Q1761359,1,1,0,1,1,1,ZEP
Q115749766,1,0,1,1,1,1,ZEP
Q115750150,1,0,1,1,1,1,ZEP
Q115750166,1,0,1,1,1,1,ZEP
Q604259,5,4,1,3,3,2,ZEC;MAT
Q18238415,2,0,2,1,1,1,ZEC
Q125481695,2,0,2,1,1,1,ZEC
Q139571184,2,2,0,1,1,1,ZEC
Q138837009,2,0,2,1,1,1,ZEC
Q123272167,1,1,0,1,1,1,ZEC
Q5767200,1,1,0,1,1,1,MAL
Q321170,2,0,2,1,1,1,MAT
Q12876922,2,0,2,1,1,1,MAT
Q11907447,2,0,2,1,1,1,MAT
Q18699268,2,0,2,1,1,1,MAT
Q11906322,2,0,2,1,1,1,MAT
Q18699272,2,0,2,1,1,1,MAT
Q18699300,2,0,2,1,1,1,MAT
Q11936164,2,0,2,1,1,1,MAT
Q11927082,2,0,2,1,1,1,MAT
Q128267,24,18,6,8,8,3,MAT;LUK;JHN
Q51672,10,8,2,2,2,2,MAT;LUK
Q244345,1,1,0,1,1,1,MAT
Q33923,262,251,11,60,60,9,MAT;MRK;LUK;JHN;ACT;1CO;GAL;1PE;2PE
Q43399,53,49,4,28,28,6,MAT;MRK;LUK;JHN;ACT;GAL
Q43999,72,65,7,32,32,6,MAT;MRK;LUK;JHN;ACT;GAL
Q169363,12,2,10,10,10,4,MAT;MRK;LUK;JHN
Q44015,99,92,7,38,38,6,MAT;MRK;LUK;JHN;ACT;GAL
Q23581940,3,3,0,3,3,3,MAT;MRK;LUK
Q43600,49,45,4,25,25,6,MAT;MRK;LUK;JHN;ACT;GAL
Q43675,54,50,4,26,26,6,MAT;MRK;LUK;JHN;ACT;GAL
Q43982,43,39,4,23,23,6,MAT;MRK;LUK;JHN;ACT;GAL
Q43669,50,46,4,27,27,6,MAT;MRK;LUK;JHN;ACT;GAL
Q44047,46,42,4,26,26,6,MAT;MRK;LUK;JHN;ACT;GAL
Q43945,44,40,4,24,24,6,MAT;MRK;LUK;JHN;ACT;GAL
Q12871,43,39,4,23,23,6,MAT;MRK;LUK;JHN;ACT;GAL
Q81018,66,62,4,22,22,5,MAT;MRK;LUK;JHN;ACT
Q1542853,1,0,1,1,1,1,MAT
Q26925,5,0,5,4,4,2,MAT;GAL
Q2721201,2,0,2,2,2,1,MAT
Q3099259,1,0,1,1,1,1,MAT
Q2464332,1,0,1,1,1,1,MAT
Q192950,36,30,6,10,10,4,MAT;MRK;LUK;ACT
Q230091,12,10,2,3,3,3,MAT;MRK;LUK
Q345647,5,0,5,3,3,3,MAT;MRK;LUK
Q228896,6,6,0,2,2,2,MAT;MRK
Q137699169,5,0,5,3,3,2,MAT;JHN
Q233067,2,2,0,2,2,1,MAT
Q211246,13,9,4,7,7,5,MAT;MRK;LUK;JHN;ACT
Q718460,2,2,0,2,2,2,MAT;MRK
Q17131,63,58,5,10,10,5,MAT;MRK;LUK;JHN;ACT
Q313417,14,13,1,5,5,5,MAT;MRK;LUK;JHN;ACT
Q263459,1,1,0,1,1,1,MAT
Q328739,3,3,0,3,3,3,MAT;MRK;LUK
Q284623,5,5,0,4,4,4,MAT;MRK;LUK;JHN
Q355121,5,5,0,4,4,4,MAT;MRK;LUK;JHN
Q63070,16,16,0,8,8,4,MAT;MRK;LUK;JHN
Q235377,3,3,0,2,2,1,MAT
Q271474,7,7,0,4,4,4,MAT;MRK;LUK;JHN
Q106075464,3,0,3,3,3,3,MRK;LUK;ACT
Q42893947,12,12,0,2,2,2,MRK;LUK
Q325476,7,7,0,2,2,2,MRK;LUK
Q35363545,12,12,0,2,2,2,MRK;LUK
Q809440,4,4,0,1,1,1,MRK
Q41111704,1,0,1,1,1,1,MRK
Q726674,6,5,1,3,3,3,MRK;LUK;JHN
Q51680,20,19,1,5,5,4,MRK;LUK;JHN;ACT
Q63746299,1,1,0,1,1,1,MRK
Q1384449,2,2,0,2,2,2,LUK;ACT
Q139464,15,14,1,2,2,1,LUK
Q235849,14,14,0,1,1,1,LUK
Q1405,1,1,0,1,1,1,LUK
Q313398,1,1,0,1,1,1,LUK
Q345205,4,4,0,1,1,1,LUK
Q1774668,1,1,0,1,1,1,LUK
Q7180641,1,0,1,1,1,1,LUK
Q1407,1,0,1,1,1,1,LUK
Q2474891,1,0,1,1,1,1,LUK
Q25668671,1,0,1,1,1,1,LUK
Q25668670,1,0,1,1,1,1,LUK
Q25668669,1,0,1,1,1,1,LUK
Q25668668,1,0,1,1,1,1,LUK
Q25668667,1,0,1,1,1,1,LUK
Q25668666,1,0,1,1,1,1,LUK
Q25668665,1,0,1,1,1,1,LUK
Q25668664,1,0,1,1,1,1,LUK
Q25668663,1,0,1,1,1,1,LUK
Q25668662,1,0,1,1,1,1,LUK
Q25668661,1,0,1,1,1,1,LUK
Q25668660,1,0,1,1,1,1,LUK
Q25668659,1,0,1,1,1,1,LUK
Q25668657,1,0,1,1,1,1,LUK
Q25668658,1,0,1,1,1,1,LUK
Q25668656,1,0,1,1,1,1,LUK
Q25668655,1,0,1,1,1,1,LUK
Q25668652,1,0,1,1,1,1,LUK
Q25668653,1,0,1,1,1,1,LUK
Q25668651,1,0,1,1,1,1,LUK
Q25668650,1,0,1,1,1,1,LUK
Q25668649,1,0,1,1,1,1,LUK
Q25668648,1,0,1,1,1,1,LUK
Q25668647,1,0,1,1,1,1,LUK
Q25668646,1,0,1,1,1,1,LUK
Q25668645,1,0,1,1,1,1,LUK
Q25668644,1,0,1,1,1,1,LUK
Q25668642,1,0,1,1,1,1,LUK
Q25668643,1,0,1,1,1,1,LUK
Q10312716,1,0,1,1,1,1,LUK
Q25668640,1,0,1,1,1,1,LUK
Q25668639,1,0,1,1,1,1,LUK
Q11936413,1,0,1,1,1,1,LUK
Q25668638,1,0,1,1,1,1,LUK
Q11936480,1,0,1,1,1,1,LUK
Q19715666,1,0,1,1,1,1,LUK
Q114932684,1,0,1,1,1,1,LUK
Q114932946,1,0,1,1,1,1,LUK
Q4208533,1,0,1,1,1,1,LUK
Q269889,2,2,0,2,2,1,LUK
Q106079959,1,1,0,1,1,1,LUK
Q4118707,1,1,0,1,1,1,LUK
Q232453,15,15,0,3,3,2,LUK;JHN
Q239058,15,15,0,3,3,2,LUK;JHN
Q139792,4,4,0,1,1,1,LUK
Q711072,1,1,0,1,1,1,LUK
Q1359769,6,6,0,2,2,1,JHN
Q295084,5,5,0,3,3,1,JHN
Q139830548,3,0,3,2,2,1,JHN
Q539890,21,21,0,2,2,1,JHN
Q2979581,1,0,1,1,1,1,JHN
Q983883,3,3,0,1,1,1,ACT
Q44020,6,4,2,3,3,2,ACT;GAL
Q126372611,1,1,0,1,1,1,ACT
Q185856,37,34,3,10,10,4,ACT;1CO;GAL;COL
Q37946276,6,6,0,1,1,1,ACT
Q37946284,3,3,0,1,1,1,ACT
Q310584,2,2,0,1,1,1,ACT
Q562394,1,0,1,1,1,1,ACT
Q371624,1,1,0,1,1,1,ACT
Q161775,14,13,1,5,5,1,ACT
Q508571,16,16,0,3,3,1,ACT
Q1169498,1,1,0,1,1,1,ACT
Q2183266,1,1,0,1,1,1,ACT
Q1398612,1,1,0,1,1,1,ACT
Q9200,253,250,3,43,43,15,ACT;ROM;1CO;2CO;GAL;EPH;PHP;COL;1TH;2TH;1TI;2TI;TIT;PHM;2PE
Q139830617,5,5,0,1,1,1,ACT
Q1374017,7,7,0,1,1,1,ACT
Q382898,6,5,1,2,2,1,ACT
Q3725177,3,3,0,1,1,1,ACT
Q693055,4,4,0,1,1,1,ACT
Q47267586,4,1,3,2,2,1,ACT
Q435987,11,11,0,2,2,1,ACT
Q335127,2,2,0,2,2,1,ACT
Q1411,1,0,1,1,1,1,ACT
Q298636,10,10,0,1,1,1,ACT
Q3311767,1,1,0,1,1,1,ACT
Q1992340,9,7,2,3,3,1,ACT
Q7320830,1,1,0,1,1,1,ACT
Q33100712,1,1,0,1,1,1,ACT
Q139830869,1,1,0,1,1,1,ACT
Q1398261,1,1,0,1,1,1,ACT
Q3300101,1,1,0,1,1,1,ACT
Q982942,3,3,0,1,1,1,ACT
Q2566388,5,5,0,1,1,1,ACT
Q1710870,3,3,0,1,1,1,ACT
Q312376,21,20,1,8,8,5,ACT;2CO;1TH;2TH;1PE
Q212647,26,26,0,20,20,12,ACT;ROM;1CO;2CO;PHP;COL;1TH;2TH;1TI;2TI;PHM;HEB
Q292282,2,2,0,1,1,1,ACT
Q978409,4,4,0,1,1,1,ACT
Q310686,1,1,0,1,1,1,ACT
Q466687,1,1,0,1,1,1,ACT
Q46512139,7,7,0,4,4,4,ACT;ROM;1CO;2TI
Q22661413,7,7,0,4,4,4,ACT;ROM;1CO;2TI
Q452194,3,3,0,1,1,1,ACT
Q1091308,1,1,0,1,1,1,ACT
Q335114,11,11,0,7,7,3,ACT;1CO;TIT
Q127582207,1,1,0,1,1,1,ACT
Q3567249,1,1,0,1,1,1,ACT
Q126616157,1,1,0,1,1,1,ACT
Q468859,4,4,0,4,4,3,ACT;COL;PHM
Q110624753,1,1,0,1,1,1,ACT
Q1396807,5,5,0,5,5,5,ACT;EPH;COL;2TI;TIT
Q4207124,3,3,0,3,3,2,ACT;2TI
Q3438613,1,1,0,1,1,1,ACT
Q16934159,1,1,0,1,1,1,ACT
Q2376069,20,20,0,4,4,1,ACT
Q316915,14,13,1,3,3,1,ACT
Q485854,1,1,0,1,1,1,ACT
Q3518955,2,2,0,1,1,1,ACT
Q464307,17,17,0,3,3,1,ACT
Q313419,16,16,0,2,2,1,ACT
Q466696,3,3,0,2,2,1,ACT
Q126491011,7,7,0,2,2,1,ACT
Q291547,1,1,0,1,1,1,ROM
Q6778753,1,0,1,1,1,1,ROM
Q262766,1,1,0,1,1,1,ROM
Q477211,1,1,0,1,1,1,ROM
Q65246466,1,1,0,1,1,1,ROM
Q9340990,1,1,0,1,1,1,ROM
Q618161,1,1,0,1,1,1,ROM
Q7848786,1,1,0,1,1,1,ROM
Q752778,1,1,0,1,1,1,ROM
Q126521835,1,1,0,1,1,1,ROM
Q1960801,1,1,0,1,1,1,ROM
Q1075381,1,1,0,1,1,1,1CO
Q1140217,1,0,1,1,1,1,1CO
Q3413973,1,0,1,1,1,1,1CO
Q7608188,3,1,2,2,2,1,1CO
Q1376253,1,1,0,1,1,1,1CO
Q982939,1,1,0,1,1,1,1CO
Q320136,14,2,12,7,7,4,2CO;GAL;2TI;TIT
Q302986,1,0,1,1,1,1,2CO
Q724476,2,2,0,2,2,1,PHP
Q1382493,1,1,0,1,1,1,PHP
Q106084401,1,1,0,1,1,1,PHP
Q953527,2,2,0,2,2,2,COL;PHM
Q4281752,1,1,0,1,1,1,COL
Q6188194,2,2,0,1,1,1,COL
Q128538,2,2,0,2,2,2,COL;2TI
Q468856,2,2,0,2,2,2,COL;PHM
Q16199754,2,2,0,2,2,2,1TI;2TI
Q25344412,1,0,1,1,1,1,2TI
Q1373978,1,0,1,1,1,1,2TI
Q130218125,1,1,0,1,1,1,2TI
Q97166693,1,1,0,1,1,1,2TI
Q164212,3,2,1,2,2,1,2TI
Q21582214,1,0,1,1,1,1,2TI
Q21582218,1,0,1,1,1,1,2TI
Q1185201,1,1,0,1,1,1,2TI
Q981729,1,1,0,1,1,1,2TI
Q106310727,1,1,0,1,1,1,2TI
Q1348146,1,1,0,1,1,1,2TI
Q706540,1,1,0,1,1,1,TIT
Q1393130,1,1,0,1,1,1,TIT
Q709209,1,1,0,1,1,1,PHM
Q4068319,1,1,0,1,1,1,PHM
Q63349866,1,1,0,1,1,1,PHM
Q126489544,1,1,0,1,1,1,3JN
Q659399,1,0,1,1,1,1,3JN
Q126478581,1,1,0,1,1,1,3JN
Q2733634,4,4,0,2,2,1,REV