H0464I,Q134715631;Q114627203*
H3168I,*
H2696K,*
H3396J,*
H2977I,Q115762115*
H3876J,*
G4074H,*
H8095I,*
H8010H,*
H0175,*
H0005,Q304781
H5653G,Q123121734
H5655,Q2613514
H5660G,Q123165803
H5660H,Q123165802
H5660I,Q123165801
H5661,Q26743342
H5658I,Q123165969
H5658J,Q123165968
H5658H,Q308320
H1893,*
H0021,Q3603705
H0029J,Q123168386*
H0045,Q65302924
H0054,*
H0028,Q3314892
H0027,Q3494535
H0022G,*
H0044H,*
H0044G,Q125478944
H0044I,*
H0026G,*
H0026H,*
H0032H,Q9138251
H0032I,Q138609317
H0032J,Q114752196
H0032K,*
H0032G,Q138609372
H0030,*
H0031,Q138610119
H0029L,*
H0029K,Q123168777
H0029H,*
H0029I,*
H0029G,*
H0029M,*
H0039,Q14925390
H0040G,*
H0040H,*
H0041J,*
H0041H,*
H0041I,*
H0041G,*
H0042,Q4667882
H0048H,Q114008399
H0048G,*
H0049,*
H0052,*
H0050G,Q2338482
H0050H,*
H0051,Q4667955
H0037,Q33026741
H0036,*
G0010,Q321170
H0074,*
H0085,*
H0053,*
G0883,*
H5912,*
H5907H,*
H5907G,Q135454512
G0885,Q11906322
H0397,*
H5915H,*
H5915G,*
H5711H,*
H5711G,Q1809123
H5718H,Q138634751
H5718I,*
H5718J,Q123148903
H5718G,Q135454557
H5718K,Q138634837
H5718L,Q123148835
H5718M,Q138640478
H0118,*
H0121G,*
H0110,Q24238724
H0146H,*
G0078,Q25668651
H5717I,*
H5717G,*
H5717H,*
H5720G,*
H5720H,*
H5721,Q65302937
H5722,Q125482653*
H5724,*
H0133,Q123754589
H5733G,Q138706939
H5733H,Q138713100
H5734G,Q10401400
H5734H,Q138713500
H0137,Q2229049
H0138H,Q138648102
H0138G,*
H0138I,Q138648164
H0140,*
H0139,*
H0151,*
H0152G,*
H0152H,Q638342
H5741,Q2825091
G0132,Q3725177
G0013,Q335127
H0090H,*
H0090G,*
H0089,Q132157007
G0067,*
H0094,Q398663
H0256G,*
H0256H,Q123344686
H0316,*
H0308,Q8183672
H0325,*
H0271H,*
H0271G,*
H0274G,*
H0274H,*
H0257,Q115750442
H0313,*
H0277G,Q138658762
H0277H,Q138656270
H0281N,*
H0279,Q65302941
H0291,*
H0295H,Q20502064
H0295G,Q4695102
H0284,*
H0282,Q126030524
H0281L,Q138679459
H0281J,Q138678423
H0281M,Q138679908
H0281K,Q138679387
H0281H,*
H0281I,Q114841071
H0281G,Q124554205
H0296,*
H0286,*
H0290I,Q138720643
H0290G,Q114833216
H0290H,*
H0289H,Q138720670
H0289G,*
H0288G,*
H0288H,Q138720692
H0288I,*
H0287,*
H0292,Q4695120
H0293G,*
H0293H,*
H0283H,Q138713556
H0283I,Q138713654
H0283G,Q138713515
H0299,Q4695133
H0297,*
H0294,Q125480519
H0300,Q138690625
H0301,Q133271521
H0302,*
H0285I,*
H0285G,*
H0285H,Q109376137
H0304H,Q138691037
H0304G,Q116729008
H0265,*
H0267,Q138697258
H0275,Q138720753
H0276,Q119092445
H0345H,Q132154410
H0345G,Q123189281
H3292,Q124556245
H6126G,Q115858892
H6126H,Q138713763
H6126I,Q138713779
H6126J,Q138713794
H5964H,Q138701416
H5964I,Q138701460
G0223J,*
G0223I,*
G0223H,Q126372611
G0223G,Q63746299
H0438H,*
H0486,Q2905798
G0256,*
H5933,Q138710420
H5935,Q124552466
H6000,Q138710790
H6002H,*
H0568I,Q138720920
H0568H,*
H0568G,Q114878230
H0568J,Q138720971
H0568K,Q138721004
H0568L,Q138721030
H0568M,*
H0568N,Q138721154
H0568O,Q115750166
H6021H,Q138721387
H6021G,*
H6022H,Q123159226
H6022I,Q123159228
H6022G,*
H6022J,Q123159230
H6007,Q138704639
H0558H,Q138716626
H0558I,Q138716663
H0558G,*
H0558J,*
H0532,Q138721677
H0573,*
H5988I,*
H5988H,Q125912709
H5988G,*
H5989K,Q138721705
H5989J,Q132155850
H5989G,Q85852675
H5989H,Q138721693
H5989I,Q138721699
H5992H,Q138721721
H5992G,*
H5993,Q138721733*
H5996,Q4747248
H5990,Q138721781*
H0550H,Q138722235
H0550G,*
H5987,*
H0526G,*
H0526H,*
H5986,Q213850
G0301G,Q25668665
H0531,Q4748020
G0291,Q477211
H6019G,*
H6019H,Q123168982
H0569,*
H0557G,Q138722297
H0557H,Q138722307
H6034,*
H6043H,*
H6043G,Q138716465
H6061,*
H6048,*
H6052,Q138726143
H6054,Q115858915
H6055G,Q138727580
G0367I,*
G0367G,*
G0367H,Q382898
H6067,Q128792244
H6068H,Q138744777
H6068I,Q138744799
G0406,*
G0408,*
H6063G,Q124541960
H0593,Q138744866
G0451,Q1774668
G0452,*
H6070,Q138744911
G0493,Q559936
H6036,Q138746211
G0559,Q618161
H0647,Q2858222
G0625,*
G0682,Q4068319
G0207,*
H0690,Q138747292
H6166B,Q138747309
H0733G,Q9158805
H0733H,Q138782353
H0733I,Q138757378
H0758J,Q138787635
H0758G,*
H0758H,Q138782434
H0765,Q124556347
H0704,Q3291564
G0745,Q244345
G0751,Q468856
H0714G,Q638332
H0714H,Q47008639
H0715,Q138828286
H0692,*
G0702,Q302986*
H0709H,Q131839413
H0742,*
H0743,*
H0745,Q131839428
H0739,*
H0740G,Q138845234
H0746B,*
H0746A,*
H0747,*
G0708,*
G0711,*
H0764,Q40326679
H0770,Q115805592
H0720,Q85852721
H0775,Q457520
H0783A,*
G0734,Q706540
H0777,Q138912203
H0609H,Q138912310
H0609G,*
H6214H,Q138936362
H6214I,Q138936700
H6214G,*
H6214J,Q138950701
H6222K,*
H6222H,Q138942220
H6222I,Q138942251
H6222J,Q138942280
H6222G,*
H0623G,*
H0623I,*
H0623H,Q130243561
H0623J,Q131753159*
H0840,Q138943036
G9825,*
H0621,Q723681
H0841,Q138972247*
H0788,*
H0836,*
H0806,Q115481149
H0813G,Q722770
H0828,*
H6220,Q138973147
H6221,Q138973292
H0619,Q138973384
H0630,*
H0844H,*
H0844G,Q28221953
H0804H,Q2426606
H0617H,*
H0617G,*
G0799,Q752778
H5851,Q115481907
H0333G,Q139075889
H0333H,Q139115091
H0333I,Q139118559
H6265,Q139216041
H6271H,Q139221352
H6271G,*
H6271I,Q139292947
H6270,Q139297405
H6262H,Q139297520
H6262G,Q116729013
H6262I,Q139298368
G0828,*
H0683,Q9641178
H0245,Q139383032
H5832G,Q139383428
H5832H,Q139383525
H5832I,Q139383580
H5832J,Q139383649
H5838J,Q117054206
H5838I,Q139393763
H5838L,*
H5838K,*
H5838G,*
H5838H,Q139393705
H5838M,*
H5838Q,*
H5838S,*
H5838T,*
H5838N,*
H5838O,Q139556996
H5838U,*
H5838V,*
H5838P,Q139567866
H5838Z,*
H5838W,Q139567993
H5838X,*
H5838Y,Q139568083
H5838R,*
H5811,Q139568157
H5812G,Q130323174
H5812H,Q139574690
H5812I,Q139574764
H5802,Q139574817
H0682A,*
H5803G,Q139575116
H5803H,Q139575205
H5819,Q139575318
H5820I,Q139575444
H5820J,Q139575467
H5820H,Q139575398
H5820G,Q65302982
G0107,Q11907447
H5837H,Q139580593
H5837G,Q139580558
H5837I,Q124306725
H5840G,Q115807389
H5840H,Q139580941
H5840I,Q139581847
H5840J,Q139582124
H5806H,Q139582293
H5806G,Q4833002
H5821,Q126030419
H5809I,Q130284718
H5809H,Q124255564
H5809G,Q139582348
H1168G,Q139583049
H1168B,Q139583200
H1177H,Q139583253
H1177G,Q5717054
H1185,Q104586577
H1176,*
H1195G,Q139587497
H1195H,Q139587667
H1195I,Q139591988
H1196H,Q132166874
H1196G,*
H1196I,Q139600850
H1196J,Q139600900
H1199,Q124749788
H1202,Q117054285
H1201,*
H1230,Q139601093
H1227,Q139601184
H1229,*
H1109A,*
H1081,Q130266607
H1111,*
H1137H,Q139601774
H1137I,Q139601956
H1137G,Q65302996
H1137J,Q123168995
H1137K,Q139693986
H1137Q,*
H1137N,Q139799192
H1137O,Q139799251
H1137L,Q139694004
H1137M,*
H1137P,*
G0912,*
H1292,Q130283101
H1301,*
H1282,Q115806861
G0919,*
H1302,Q139969310
G0921G,*
G0918,*
G0924,*
H1263J,*
H1263H,Q140047142
H1263I,Q140047193
H1263G,Q139969885
H1271G,*
H1271H,Q140047278
H1271I,Q140047323
H1315G,Q9166659
H1339,*
H1323I,*
H0942,Q140133383*
H1213,Q140133508
H1183,Q140133636
H0893G,Q65303005
H0893H,*
H0893I,Q140146976
H1071G,*
H1071H,Q85852878
H1064,Q2929707
H0911,Q124759472
H0917G,*
H0912,*
H0878,Q140172322
H0880,Q140235096
H0882G,Q124751781
H0882H,Q124751797
H1106H,Q140235269
H1106G,Q4081479
H1106A,*
H1112,*
H1122,*
H1125,Q140235999
H1141J,*
H1141K,Q140289071
H1141I,Q140288971
H1141L,Q140303299
H1141M,Q140303432
H1141H,Q140254618
H1141G,*
H1141R,Q130288546
H1141N,Q140303575
H1141O,Q140303648
H1141P,Q140303687
H1141Q,Q140303735
H1151,Q9168580
H1128,Q133300641
H1127,Q133311031;Q133311044*
H1130G,*
H1130I,Q816398
H1130H,*
H1134,Q140252927
H1135,Q140254011
H1136,Q133305413
H1133G,Q133275527
H1148,Q140315804
H1144H,Q140316138
H1144I,Q140316285
H1144G,*
H1144K,Q140316349
H1144J,Q140316308
H1121B,Q140355674
H1132,Q140254438
H1160G,Q124759391
H1160H,*
H1298,*
H1294G,Q140355744
H1256,Q140355816
H1296G,Q115858848
H1296H,*
H1296I,Q140382330
H1296J,Q140382407
H1296K,*
H1296L,Q125481695*
H1260H,Q135979824
H1275,Q139858084*
H1283J,*
H1283H,*
H1283I,*
H1283G,*
G0959,Q466696
H1153,*
H1152,*
H1051,*
H1328A,*
H1209G,*
H1209H,*
H1212G,*
H1212H,*
H1221H,*
H1075,*
H0920,Q133520484
H0903,Q859753
H0904,*
H0902H,*
H0902G,*
H0902I,*
H1085,*
H1083G,*
H1083H,*
H1090A,*
H1092H,*
H1092G,Q140363313
H1114,*
H1118,*
H1150,*
H1131I,*
H1131J,*
H1131H,Q139104404*
H1131K,*
H1306,*
H1269,*
H1312,*
H1332,*
H0968,Q141486011
G0986,Q33100712
H1162G,*
H1074,*
H0932,Q131840205
H1231H,Q2836764
H1231G,Q126036170
H1232,*
H0946,Q4997414
H1138H,*
H1138I,*
H1138G,Q139694166*
H0938H,*
H0938G,*
H0941,Q135297
G2533G,*
H7014B,*
G2536G,Q4208533
H3633H,*
H3633G,*
H3612H,*
H3612G,*
H3667G,*
H3752,Q115859316
H3756G,*
H3756H,*
G2591,*
H3771,Q123754572
H3540,*
H3636,*
H3620H,*
H3620G,*
H3622,*
H3668H,*
H3668G,*
H3662,Q125503923
H3663,*
H3763,Q138580889
H3777,*
H3609,*
H3630,*
H3643,Q30526936
H3692,Q126058920
G5514G,Q1075381
G5529,Q106079959*
G2803,Q129653205
G2804G,*
G2815,Q129635602
H3626H,*
H3626G,Q140312947*
H3562G,Q140499759
G2883,*
G2973,Q25668650
H3579,*
G2913,Q981729
G2921,Q1140217
H3568G,Q1138595
H3568B,*
H3573,*
H3570,*
H3569H,Q115749766
H3566,*
H1813,*
G1152,Q466687
H1835H,*
H1840G,*
H1841G,*
H1873,*
H1862,*
H1867I,*
H1867H,*
H1867G,*
H1874,*
H1885,*
G2533H,*
H4353I,*
H4918z,*
H6547P,*
H6547O,*
H6317H,Q123118736*
H5571H,*
H7935N,*
H3876H,Q1585141*
H3876I,*
H1732,*
H1688H,*
H1683G,*
H1683H,Q213633
H1719B,Q124305605
H1719C,*
H1857,Q133301315*
H1806H,*
H1806G,Q115858908
H1806I,*
H1806K,Q124305892
H1806J,*
H1807,*
G1214,*
G1216,*
H1845,*
H1691,Q126194507
H1704,Q123119524
H1853,Q63433898
H1783,*
G1354,Q310686
G1361,Q659399
H1789G,Q124820697
H1787G,*
H1787H,Q124821119
H1735,*
H1734I,*
H1734H,*
H1734G,Q137757337
H1673,*
G1409,Q255778
H1746G,Q5313606
H5858B,Q125045346
H5651H,Q61895312
H5651G,Q25768260
H5663,Q177617
H5677H,*
H5677I,*
H5677J,*
H5677G,*
H5677K,Q138722243*
H0043,*
H5731A,Q139557277;Q139557409*
H5731G,*
H5740A,*
H5738,*
H5698,Q12630462*
H5700H,*
H4714H,Q1369215*
H0164H,*
H0164G,*
H6134,Q115482260
H0414,Q139973134*
H0425J,*
H0425K,*
H0425H,*
H0425I,Q124309504
H0425G,Q5353134
H5867H,*
H5867G,*
H5867B,*
H5867C,Q1147704
H5867I,*
H5867J,*
H0501I,*
H0501J,Q124306645
H0420,Q124325068
H0419,Q56473842
H0496,*
H0497,Q139679044;Q139679053*
H0501G,Q117054223*
H0501H,*
H0499J,*
H0499H,Q124290973;Q5354448*
H0499I,*
H0499G,*
H0499L,*
H0499K,Q5354451
G1648,Q18699300
H0499M,*
H0445G,*
H0445H,*
H5941,*
H0446J,*
H0446K,Q140289012*
H0446I,*
H0446G,Q125504565
H0446H,Q65128117
H0450H,*
H0450I,*
H0450G,Q9252681
H0455,Q63555948
H0471G,Q9252684
G1662H,Q11936413
G1662G,Q12876922
H0471H,*
H0463G,Q13408496
H0463H,Q65303121
H0460G,Q14925563
H0460H,Q141453503
H0475H,*
H0475G,Q115858878
H0475J,*
H0475K,*
H0475L,*
H0475I,*
H0475N,*
H0475O,*
H0475M,*
H0448,*
H0449,Q126083517
H0454A,*
H0454G,*
H0447J,*
H0447K,*
H0447L,*
H0447M,*
H0447G,*
H0447H,*
H0447I,*
H0447N,*
H0462,*
H0461J,*
H0461K,*
H0461I,*
H0461L,Q25494966
H0461H,*
H0461N,*
H0461O,*
H0461P,*
H0461M,*
H0461G,Q14933103
G1663,Q25668646
H0456,Q133306277
H0453H,*
H0453I,*
H0453J,*
H0453G,Q115052422
H0453K,*
H0452H,*
H0452G,*
H0452I,*
H0452J,*
H0470,Q140488443
H0458,*
H0454B,Q115807184
H0454H,*
H0454I,*
H0454J,*
H0454K,*
H0454L,*
H0465,*
H0464G,*
H0464H,*
H0466,*
H0467J,*
H0467H,Q65303128
H0467G,*
H0467L,*
H0467K,*
H0477,*
H0473G,Q1330627
H0476J,Q117212369
H0476K,Q139571156*
H0476I,Q124310229
H0476H,*
H0476L,Q124309935
H0476G,Q10271944
H0478,Q139556628;Q139556682*
H0472,Q2916801
H0474,*
G1664,Q18699272
G1665G,*
H0469G,*
H0469H,Q138698783*
H0468,Q18198564
H0511L,*
H0511M,*
H0511I,*
H0511J,*
H0511K,*
H0511H,*
H0511N,*
H0511G,*
G1678,Q25668649
H0493,*
H0494G,*
H0494H,*
H0494I,*
H0494J,*
H0494K,Q109023366
H0356G,Q65252558
H0356H,*
H0356J,*
H0508,*
H0467I,*
H0498,*
H0443G,*
H0443H,*
H5881,Q124256037
H2585G,Q2495184
H2585H,Q213027
H0583,Q682531
G1866,*
G1889,*
G1891,*
H5891H,*
H5891I,*
H5891G,Q5382125
H5778,Q124310316
H6081H,*
H6081I,*
H6081G,Q5382171
H0654,Q116729102
H0641,Q126082759
H0669G,*
H0672G,*
H6085G,*
H6147H,*
H6147G,*
G2262,Q25668648
H6197,Q85853185
G2037,*
H6179,*
H0634,Q193912*
H6215G,*
H0790,Q125038626
H0812G,Q125022203
H0850,*
G2069,Q25668663
H0635,*
H0387H,*
H0387G,*
H0856,Q1277966
H0869,Q126009633*
G2103,Q130218054
G2131G,Q25344412;Q1373978*
G2136,Q1382493
G2161,Q3438613
H2332,*
H0189,Q25803431
H0192,*
H0229,Q22039166
H0675H,*
H0675G,*
H3168H,*
H5829H,*
H5829G,*
H5829K,*
H0687,Q10274802
H5829J,*
H5829I,*
H5830G,*
H5830H,*
H5834,*
H5836,*
G0921H,Q4281752*
H3562H,*
G1665H,*
G2131H,Q25344412;Q1373978*
H2518N,*
H1940H,*
G2976I,*
H4471I,*
H5416M,*
H8472H,*
G5095H,*
G5344,*
G5347,*
G5415,*
H1603,*
H1373,*
H1410H,*
H1410G,*
H1426,*
H1427,*
H1424,Q114906601
H1514,Q125150030
H1515,*
G1050J,Q126489544
G1050G,*
G1050H,Q3567249*
G1050I,*
H1559G,Q138786777*
H1559H,*
G1058,Q452194
G1059,*
H1583,Q138685425
H1577,*
H1619G,Q124315798
H1609,Q10287969
H1495G,*
H1495H,*
H1502,*
H1398,*
H1436I,*
H1436B,*
H1436A,*
H1436J,*
H1436H,Q115750150
H1446I,*
H1522,*
H1582,Q125510727
H1587G,Q135335813
H1587H,Q6663390
H1592,Q9266968
H1617I,*
H1617J,*
H1617H,Q123121449
H1617G,*
H1647G,*
H1647I,*
H1648,*
H1529,*
H1654,*
H1666,Q2910407
H1345,*
H1388,*
H1437,*
H1435G,*
H1435H,*
H1439,*
H1441,Q125912323
H1562,*
H1568J,*
H1568I,Q137757351
H1568H,*
H1527,Q114906247
H1599,*
H1658,*
H1463G,*
H1555,*
H1586G,*
H1586H,*
H1476H,*
H1476G,*
H0326,*
H2252,*
H2265,Q135106
H2262,*
H2446,Q5637034
H2453H,*
H1908I,*
H2301,Q22004334
H1908G,Q5637556
H1908H,Q134468308
H1909,*
H2311,*
H1913A,Q5638029
H2285,*
H2286B,*
H1904,*
H2292A,*
H1419B,*
H2291,*
H2293,*
H2294,Q5638717
H1905,*
H6997,*
H6976H,Q123168378*
H6976I,*
H6976J,*
H2709,*
H3873,*
H2526G,*
H2001,*
H2575B,*
H4099,Q1424200
H4428H,*
H4447G,*
H2536,*
H2544,*
H2538,*
H2537,*
H2601,Q11689901
H2605I,*
H2605G,*
H2605H,*
H2605J,*
H2605O,Q124256160
H2605L,*
H2605M,*
H2605N,*
H2605K,*
H2607H,*
H2607G,*
H2607I,*
H2607J,Q137798603
H2607K,*
H2608P,*
H2608L,Q115805117
H2608O,*
H2608Q,*
H2608T,*
H2608R,*
H2608A,*
H2608M,*
H2608N,Q130280934
H2608I,*
H2608J,*
H2608K,*
H2608G,*
H2608S,*
H2608H,Q65303198
H2584,*
H2592H,Q9188858
H2592G,Q11689904
H2585I,Q108207665
H2585J,*
H2586G,*
H2586H,*
H2586I,*
H6483,*
H2771B,*
H2039H,*
H2039G,*
H2726G,Q6578364
H2726H,*
H2780,*
H2736,*
H2745,Q125477325
H2744,*
H2766G,*
H2766H,*
H2766J,*
H2766I,*
H2756G,*
H2774,Q139858084*
H7204,*
H2797,*
H2037,*
H2739,*
H2743,Q115804881
H2619,Q115805040
H2811I,*
H2811J,*
H2811K,*
H2811G,*
H2811H,*
H2811L,*
H2811M,*
H2811O,*
H2811P,*
H2811N,*
H2812,*
H2813G,*
H2813H,*
H2806,*
H2807,Q115037483
H2828G,*
H2828I,*
H2828H,*
H5574,*
H2815G,*
H2815J,*
H2815H,*
H2815I,*
H2817,*
H2047,*
H2867,*
H2412,*
H2410,*
H2411,*
H2407G,Q115806723
H2407H,*
H2407J,*
H2407I,*
H2341I,Q138636935
H2341H,Q32945196
H2371,*
H2382,*
H2700,Q2905463
H2381,*
H2375,*
H6753,*
H2268I,*
H2268J,*
H2268G,*
H2268H,*
H2275I,Q123121662
H2275B,*
H1896,*
H2458,*
H2469G,Q141486904
H2460,*
H2507,Q85853471
H2503H,Q117054212
H2503G,*
G2242G,Q2474891
H2517,*
H2497,Q124311576
H1950,Q106084820
H1968H,*
H1968I,*
H1968G,*
H2533,Q124556126
H2582G,*
H2582H,Q140133383*
H2582I,*
H2660H,*
H2660G,*
H2660A,Q85853477
H2657G,Q114771167
H2792,Q138786777*
G2057,*
G2060H,*
G2061,Q97166693
G2264I,*
G2264H,*
G2264G,*
G2266G,*
G2267,*
H2618,Q133305434*
H2845,*
H2396G,*
H2396I,*
H2396J,*
H2396K,Q130564123
H2383,Q5750060
H2387G,*
H2387H,*
H2695,Q132166507
H2696H,*
H2696G,Q85853423
H1914,Q65303219
H2419,Q65176077
H2518J,*
H2518I,*
H2518G,Q130270587
H2518H,*
H2518M,Q25796501
H2518L,*
H2518K,*
H1985,Q128794244
H2437,*
H2438H,*
H2438G,*
H2395,*
H2396H,Q115807230
H2246,*
H1936,*
H1938G,Q115858871
H1938H,*
H1938I,*
H1938J,*
H2321,*
H1940G,*
H1941H,*
H1941I,*
H1941G,*
H2295,Q4498664
H1944,*
H2652,*
H6547R,*
H2036,Q128693903
H2753H,*
H2753G,Q125568154
H2621H,*
H1954J,*
H1955H,Q124375387
H1955G,*
H1953,Q116923485
H1954H,*
H1954G,Q319038
H1954I,*
H2369H,*
H2369G,*
H1956,*
H4060G,*
H2343,Q2898616
H2468,*
H2647,*
H2650G,*
H2650H,*
H1133H,Q133306533*
H2354G,*
H2354I,*
H2354H,Q125749914
H2359,*
H4447H,*
G3137N,*
H4308H,*
H8100H,Q133815999;Q137824425*
H6870H,*
H2364,*
H2365,*
H2367,Q5949264
H2366G,*
H2366A,*
H2366B,*
G5211,Q16199754
H2984,Q5984013
H2997,*
H2998,*
H5681,*
H3005,*
H0078,*
H0350,*
H3031,*
H3035G,*
H5714H,*
H5714G,*
H5714I,*
H5714J,*
H0112,*
H5714K,*
H3008I,Q115806778
H3008H,Q20788369
H3008G,*
H3012,Q124315903
H6142,*
H3229,Q133322634
H0564H,*
H0564G,*
H0564J,*
H3234,*
H3232H,*
H3232G,*
H3236,Q139858084*
H0566G,*
H0566H,*
H3301,*
H5893G,*
H5896G,*
H5896H,Q132165535
H5896I,*
H5897,Q3364264
H5902,Q125264444
H5901,*
H3376,Q124316105
H5900,*
H3327,*
H3470A,*
H3252,Q6079192
H3431,*
H3435,Q594903
H3430,Q120758253
H0378,*
H0379,*
H3469G,Q115750627
H3469H,*
H3469I,*
H3469J,*
H3457,*
H3458I,*
H3458J,*
H3458K,Q139556628;Q139556682*
H3458H,*
H3458L,*
H3458G,*
H3460G,*
H3460H,*
H3461,*
H3472,*
H3473,*
H3438,Q67219745
H3440G,*
H3253,*
H3478,*
H3485H,*
H3485G,*
H3449H,*
H3449I,*
H3449J,*
H3449G,*
H3449K,*
H0385,*
H0384G,*
H0384H,Q22905935
H3495,*
H3506H,*
H3506G,Q125263780
H3507,Q11727237
H0863G,*
H0863H,Q65303236
H3328,Q126009633*
H3324,*
H3152,*
H3156G,*
H3150,*
H3291,*
H3279,*
H3296,*
H3298,*
H3300G,*
H3300H,*
H3299,*
H2970I,*
H2970H,Q126009060
H2970G,*
H3269,*
H3268,*
H2989,Q1676803
H3003H,Q16947750
H3258H,Q1676833
H2985H,*
H2985G,*
H3275,*
H3199J,*
H3199I,*
H3199G,*
G2384G,Q11927082
H3047,Q6121173
H3035H,*
H3037G,*
H3037H,Q2723012
H3036,*
H3278,Q954820
H3189H,*
H3189J,Q140131269*
H3189G,*
H3189K,*
H3166G,*
H3166H,*
H3166I,*
H3166J,Q1966067
H3166K,*
H3056,Q6123224
H3164,*
H3163,*
H3177,*
H3181,*
H3183,*
H3167,*
H3170,Q138634798;Q130306009*
H2971J,Q85853547
H2971I,Q1143157
H2971G,*
G2383,*
H3348,Q141486151
H3356H,*
H3356G,*
H3281,Q125263542
H3210,*
G2387,Q21582218
G2385J,*
G2385H,*
G2385I,*
G2385G,*
H3226H,Q115482179
H3226G,*
H3226I,*
H3230,*
H3285,*
G2388,Q25668668
G2389,Q21582214
H3315,*
H3309I,Q128310030
H3309G,*
H3310,*
H3382G,Q927410
H3398,Q116729011
H3402H,*
H3402G,*
H3386,*
H3477H,*
H3464G,Q133257574
H3434H,*
H3434G,*
H3437G,*
H3437H,Q85853555
G2394,*
H3496,*
H3120G,*
H3151,*
H2979,Q5404150
H3000,Q134721755*
H3203,Q20502646
H3048H,*
H3042G,*
H3048G,*
H3048I,*
H3042H,*
H3048J,Q141486916
H3043H,*
H3043I,*
H3043J,*
H3043G,*
H3040,Q135454571
H3038G,*
H3038H,*
H3094G,*
H3094H,Q139557277;Q139557409*
H3165G,*
H3165H,*
H3168G,*
H3171G,Q140289012*
H3171I,*
H3171H,*
H3171J,*
H3171L,*
H3171M,*
H3171O,Q140158844*
H3171P,*
H3171Q,*
H3171N,*
H3169G,*
H3085,*
H3086,*
H3059G,*
H3059H,*
H3076I,*
H3076J,*
H3076K,Q139556628;Q139556682*
H3076N,*
H3076M,*
H3076P,*
H3076Q,*
H3076O,*
H3078,*
H3077I,*
H3077H,*
H3077G,*
H3077J,Q106546000
H3079,*
H3080G,*
H3083L,Q139571156*
H3083M,*
H3088G,*
H3088H,Q139571156*
H3092I,*
H3092H,*
H3092J,Q104536612
H3092G,*
H3089,*
H3075H,*
H3075I,*
H3075G,*
H3087,*
H3058K,*
H3058I,Q117054203
H3058J,*
H3058G,*
H3058H,*
H3160,*
H3081,*
H3065,*
H3057,*
H3171K,*
H3273H,*
H3273I,*
H3273G,*
H3273J,*
H3273K,*
H3273M,*
H3273O,*
H3360,*
H3359G,Q117195741
H3359H,Q116923405
H3354,*
H3224,*
H3223,Q11716821*
H3316H,*
H3312H,Q18225944
H3312G,Q11927454
H3392,Q18276083
H3396H,*
H3396G,*
H3396I,*
H3382H,*
H3413,*
H3414J,*
H3414K,*
H3414I,*
H3414H,*
H3414L,*
H3414G,Q16573951*
H3414N,*
H3414M,*
H3406H,*
H3406I,Q140277274*
H3406P,*
H3406Q,*
H3406R,*
H3404G,*
H3403,*
H3400,*
H3404H,*
H3406J,*
H3406K,*
H3406L,*
H3406M,*
H3406G,*
H3406N,Q6182203*
H3406O,*
H3408,*
H3379G,*
H3379H,*
H3395K,*
H3395L,*
H3395H,*
H3395J,*
H3395I,*
H3395G,Q6182499
H3395M,Q139556628;Q139556682*
H0802J,*
H3388,Q137824550
H3470H,*
H3470B,Q115805441
H3470J,*
H3470I,*
H3470K,*
H3428,*
H3475,*
H3454,*
H3439,*
H3442G,*
H3442H,*
H3442J,*
H3442I,*
H3442K,Q139104404*
H3442N,*
H3442L,*
H3450,*
H3448,*
G2424G,*
H3500I,*
H3500J,*
H3500H,*
H3500G,Q113376196
H3509,*
H3503,*
H3195G,Q11944201*
H3262,*
H3273L,*
H3273N,*
H3266J,*
H3266H,*
H3266I,*
H3266K,Q123269487
H3266G,*
H3263,*
H3153,*
H0348,*
H3337,*
H3149,Q126009808
H3156H,*
H3157J,*
H3157K,*
H3044,*
H3097H,*
H3097G,*
H3097I,*
H3097J,*
H3098I,*
H3098H,*
H3098K,*
H3098L,*
H3098J,*
H3098G,Q18191851
H3099G,*
G2490,Q25668656
G2489,Q269889
H3101L,*
H3135H,*
H3101K,*
H3135G,*
H3101H,*
H3101I,*
H3101J,*
H3101G,*
H0347,*
H3103K,*
H3103J,*
H3103G,Q44123555
H3103H,Q6206768
H3103I,*
H3115,*
G6043,Q25668658
H3133,*
H3100M,*
H3100N,*
H3100O,*
H3100P,*
H3100H,*
H3100K,*
H3100I,*
H3100J,*
H3100L,*
H3100G,*
H3100Q,Q139557277;Q139557409*
H3100R,*
H3100T,Q45053
H3100S,*
H3132,*
H3134,*
H3020,Q126087592
H3109H,*
H3109G,*
H3076H,*
H3076G,*
H3110I,Q115858899
H3110J,Q114905392
H3076L,*
H3110G,*
H3110K,*
H3110L,*
G2491I,*
G2491K,Q137699169
G2491G,*
G2491H,*
H3111H,Q6268944
H3111G,*
H3113,Q11979099
H3114G,*
H3114H,*
H3114I,*
H3137,*
H3370,*
H3355,Q1553059
H3082G,*
H3122G,*
H3124,*
G2494,Q25668639
H3129G,*
H3083K,*
H3083H,*
H3083I,*
H3083J,*
H3129I,*
H3129H,*
H3083G,Q6272377
H3083N,Q124316520
H3129L,*
H3129J,*
H3129K,*
H3139,Q138943655
H3140,*
H3141I,*
H3141H,*
H3141G,Q124098203
G2497,Q25668645
H3421,*
G6044,Q25668657
H3130I,*
G2501M,*
H3130J,*
H3130G,*
G2501J,Q25668667
G2501L,Q25668640
G2501G,*
G2501I,*
H3130K,*
H3130H,Q6288230
G2500G,*
G2500H,*
H3144,*
H3146G,*
H3146H,*
H3145,*
H3436,*
H3143,*
H3091H,*
H3091I,*
H3091G,*
H3091J,*
G2424K,Q25668647
H2977G,*
H2977H,*
H3131,*
H3147I,*
H3147H,*
H3147G,Q6294444
H3107I,*
H3107J,*
H3107H,*
H3107K,*
H3107L,*
H3107N,*
H3107O,*
H3107M,Q139104404*
H3107Q,*
H3107P,*
H3108,*
H3136G,*
H3106,Q1432204
H3063H,*
H3063G,*
G2455J,Q10312716
H3063I,*
H3063K,*
H3063J,*
G2455M,*
G2455K,Q371624
G2455L,*
G2455G,*
G2455H,*
G2455I,*
H3067,Q3187975
G2456,*
G2457,*
G2458,Q262766
H3142,Q115037653
G2459G,Q9363456*
G2459H,Q6188194
H6934,*
H7040,Q138722243*
H7143,Q6369174
H6938,*
H6929,Q11927540*
H7041,*
H7042G,*
H7055I,*
H7055G,*
H7055H,Q124763187
H7018,Q844433
H7073H,*
H7073G,*
H7073I,*
H7163,*
H7026,*
H6989,Q908531
H7103,*
H7027H,*
H7027G,*
H7027I,Q139557277;Q139557409*
H7027J,Q123128660
H7029,*
H6955,*
H6964H,Q124304818
H6964G,*
H7141J,Q96049919
H7141I,*
H7141H,*
H7141G,Q85774893
H6981G,*
H6981H,*
H6976G,*
H3935,*
H3837A,*
H3936G,*
H3815,Q126130203
H3855,*
H3902,*
H3889,Q106096033
H3929G,*
H3929H,Q10921342
H3941,Q6488184
G2976H,*
G2976G,*
H3812,*
H3838,*
H3922,*
H3927,Q6521531
H3878,*
G3017G,Q25668670
G3017H,Q25668642
H3845H,*
H3845G,*
H3949,*
G3044,Q130218293
H3818,Q11762291
G3090,Q25344412;Q1373978*
H3819,Q11762292
H3876G,*
H3877,*
G3066,*
H3865,*
G3065,*
G3070,Q292282
G3078,Q1407*
G3079,*
H4601O,*
H4601L,Q106414457
H4601P,*
H4601M,*
H4601N,*
H4601K,*
H4601I,Q11765188
H4601G,Q125295940
H4572,*
H4597,*
H4640,*
H4641G,*
H4641H,Q123148948
H4641I,*
H4641J,*
H4641K,*
H4641L,*
H4641M,*
H4641N,*
H4641O,*
H4641X,Q124333945
H4641Y,Q124290531
H4641Z,*
H4641S,*
H4641T,*
H4641U,*
H4641V,*
H4641W,*
H4641P,*
H4641Q,*
H4641R,*
G3092,Q25668661
H4619,Q115482106
H4590G,*
H4590H,*
H4344,*
H4343,*
H4352,Q126131611
H4353H,Q18222843
H4353G,*
H4367,*
H4074G,Q1790796
H4089H,*
H4025,*
H4031G,*
H4047,*
H4111G,Q10297002
H4111H,*
H4258H,Q114752409
H4258G,*
H4121,Q65303361
H4287G,Q139557277;Q139557409*
H4287H,*
H4238,*
H4122,*
H4244H,*
H4244G,Q4285720
H4249H,*
H4249G,*
H4248,*
H4235,Q2415069
H4271,*
H4401,Q5767200
H4445A,*
H4441S,*
H4439,*
H4441I,*
H4441G,Q117054281
H4441H,*
H4441J,*
H4441K,*
H4441L,*
H4441Q,Q138721112*
H4441R,*
H4441M,*
H4441N,*
H4441O,*
H4441P,*
H4443,Q116923335
H4444,*
G3124,*
H4413,*
H4409G,Q6416566*
H4409H,*
H4409I,*
H4409A,*
H4409J,*
H4471H,*
G3127,Q3300101
H4506B,*
H4519H,*
H4519I,*
H4519J,*
H4519G,*
H4495,*
H4582,Q125296348
H4584H,*
H4762I,Q117212391*
H4762H,*
G3138,*
H4826,Q137798757
G3136,*
G3137L,Q3311767
G3137J,*
G3137G,*
G3137K,*
G3137M,Q6778753
G3137I,*
H4851,Q13418757
H4854,Q21087988
H4308G,Q125271641
H4309,Q132132686
H4977G,Q124129541
H4977H,Q124334352
H4983H,*
H4983G,*
H4983I,*
H4983J,*
H4983K,*
H4983L,*
H4983M,*
H4983N,*
H4983O,*
H4983P,*
G3160,Q19715666
G3161G,Q25668666
G3161H,Q25668660
H4992,*
H4982G,*
H4982H,*
H4982I,*
G3157,Q11936164
G3158G,Q25668671
G3158H,Q25668644
G3156,*
G3159,*
H4993H,*
H4993G,*
H4993I,*
H4993J,*
H4312,Q56473843
H4091,Q1212757
H4105G,Q93697104
H4105H,*
H4240,*
H4243,*
H4232,Q10329365
H4104,Q1917635
H4424,*
G3197G,Q25668669
G3197H,Q25668653
H4442,*
G3190,Q25668638
H4429,*
H4453,*
H4462,Q10328578
H4505,*
G3104,Q11936480
H4587,*
H4648H,*
H4648G,*
H4764,*
H4811,*
H4812G,*
H4847,*
H4778,Q6818896
H4822H,*
H4822G,*
H4825,Q137798754
H1255,*
H4337,Q65129931
H4331,*
H4338,*
H4902G,Q30973
H4920,*
H4898H,*
H4898I,*
H4898G,*
H4921,*
H4919G,*
H4877,*
H4918H,Q115804946
H4918I,*
H4918J,*
H4918M,*
H4918K,*
H4918L,*
H4918N,*
H4918G,Q137825058
H4918P,*
H4918Q,*
H4918O,*
H4918V,*
H4918U,*
H4918W,*
H4918X,*
H4918Y,*
H4918Z,*
H4918R,*
H4918S,*
H4918T,*
H4922,Q114995259
H4968,Q156290
H4967,Q10329289*
H4314,Q125316367*
H4006,*
H4017H,*
H4017G,Q14925213
H4014,*
H4316G,*
H4316H,*
H4316I,*
H4318J,*
H4318I,*
H4318H,*
H4318G,*
H4318K,Q2804969
H4321G,*
H4322G,*
H4320G,*
H4321H,Q141486242
H4320H,*
H4317M,*
H4317N,*
H4317H,*
H4317I,*
H4317J,Q117066407
H4317K,*
H4317L,*
H4317O,*
H4317Q,Q45581
H4317P,*
H4317G,*
H4324G,*
H4381,*
H4080G,Q755316
H4326G,*
H4326H,*
H4326I,*
H4732H,*
H4732G,*
H4737,*
H4450,*
H4435G,*
H4435H,Q4293448
H4509G,*
H4509H,*
H4813H,*
H4813G,*
H4821,*
H4332I,*
H4332G,Q110158985
H4332H,*
H4936,*
H4927H,*
H4927G,Q20101216
H4925,*
H4558,Q6884731
H4990G,Q55649336
H4990H,*
H4199,Q6884915
G3416,Q16934159
H4124H,*
H4140,Q115750475
H4782H,*
H4782G,*
H4872,*
G4074I,Q23581940
H4162G,*
H4162H,*
H4649,*
H4187,*
H5277,*
H5279A,Q865263
H5279G,Q1542154
H5283J,*
H5283I,*
H5283G,*
H5283H,*
H5292B,*
H5293,Q10343349
H5037,*
H5022,*
H5225,Q97171041
H5070I,Q115750291
H5070J,*
H5070H,*
H5070G,*
G3477,Q25668662
H5163,*
H5167,*
H5171,Q62029455
H5176G,*
H5176H,*
H5176I,Q133259093
H5176J,*
H5184H,*
H5184G,Q108487406
H5147,*
H5152G,*
H5152H,*
H5177,*
G3486,Q25668664
H5151,Q1981722
H5281,*
H5305,Q10335361
H5321G,*
G3488,Q129565995
H5416J,*
H5416I,*
H5416G,*
H5416H,*
H5416L,*
H5416K,*
G3482,Q1359769
H5419,Q6968837
H5294G,Q115806942
H5294H,*
H5109,*
H5032,*
H5028,Q26835883
H5019,*
H8310,Q131920039*
H5021,*
H5018,*
H5224G,*
H5072,Q116923509
H5166G,*
H5166H,*
H5166I,*
H5179,*
H5353G,*
H5353H,*
H5241G,*
H5298H,Q133258642
H5298G,Q125566789
H5369G,*
G3517,Q129566042
H5371H,*
H5371G,*
G3518,Q25668652
H5374,Q6996190
G3505,*
H5417I,*
H5417H,Q117074434
H5417J,*
H5417K,*
H5417L,*
H5417M,*
H5417N,*
H5417O,*
H5417P,*
H5417G,Q126163976
H5418H,*
H5418I,Q139571156*
H5418G,*
H5418J,Q124346862
H5335,*
G3527,*
G3530,Q295084
G3532,*
H5248,Q201861
H5250,*
H5129G,Q139104404*
H5129H,Q112991274
H5146,*
H5270,Q27587326
H5025G,Q126164463
H5052,*
H5126,Q3344859
G3564,*
H5662L,*
H5662M,*
H5662H,Q115805629
H5662I,*
H5662J,*
H5662K,*
H5662G,*
H5662N,*
H5662O,*
H5662P,*
H5662Q,*
H5662R,Q479645
H5745,Q115760490
H5744I,*
H5744H,Q116729115
H5744J,*
H5744K,Q139556628;Q139556682*
H5744G,*
H5654,*
H0179,*
H5918,Q125480927*
H5752G,Q10340227
H5752H,Q16341302
H5747,*
H0161,Q65124128
H0169,Q7080648
H0170,*
H0171,Q2112850
H0172,*
H0173,*
G3652,*
H0201,Q7089609
H6018J,*
H6018H,*
H6018I,*
H6018G,*
H0203,Q18227832
H0208H,Q115481992
H0208G,Q138580877
H0209,*
G3682,*
G3683,*
H0211G,Q125345983
H6084I,*
H6159,*
H0767,Q115481377
H0771,*
H6204,*
H0620,Q171191*
H6273,*
H6274,*
H0684G,Q117074443
H0684H,Q115481436
H6474,Q65303500
H6303,*
H6295,Q20605581
H6355G,*
H6355I,*
H6355H,*
H6420,*
H6396,*
H6406H,*
H6406G,*
H6409G,Q138698787
H6534,*
G3937,*
H6535,Q126086906
H6551G,*
H6551H,*
H6551J,*
H6551I,*
H6577,*
H6515,*
H6457,*
H6454G,*
H6454H,*
H6454I,*
H6583G,*
H6583I,*
H6583J,Q124334452*
H6583K,*
H6583H,Q138721112*
G3969,Q129562335;Q129562703*
G3972G,*
H6300,Q141453645
H6301,Q126083612
H6305I,*
H6305H,Q116923358
H6305G,Q20101444
H6305L,*
H6305M,*
H6305J,*
H6305K,*
H6492,*
H6494,*
H6411B,Q115858883
H6411A,*
H6421,*
H6410G,Q115805414
H6410H,*
H6410J,Q18192102
H6410I,*
H6389,Q1648259
H6404H,*
H6404G,*
H6431H,*
H6431G,Q126084760
H6444,Q2068934
H6439H,*
H6439I,*
H6570,*
H6557,*
G4069,Q129566137
H6514,*
G4074G,*
H6611G,*
H6611H,*
H6611J,*
H6611I,*
H6602,Q126367633
H6469,*
G5323,Q7180641
H6547M,*
H6547K,*
H6547L,*
H6547I,*
H6547J,*
H6547G,Q47036567
H6547H,*
H6547N,*
H6369,Q10282102
G5371,*
G5372,*
G5376J,*
G5376I,Q1407*
G5376G,*
G5376H,*
H6430H,*
G5378,*
H6372H,*
H6372G,*
H6372I,Q139104404*
G5393,Q129562335;Q129562703*
G5402,*
G5436,Q130218125
G4091,*
H6394,*
H6401,*
H6408,*
H6373,*
H6502,*
H6462,*
H6377,*
H6380,*
H6334,*
H6318,*
H6319,Q7234956
G4252,*
G4402,*
H6326,*
H6312G,*
H6312H,Q125146895
G4196,*
G4227,*
H6513,Q128909611
H6316G,Q946939
H6317G,Q117865594
G6077,Q126616157
G2890,*
H4436G,Q159888*
G2958,Q313398
H7484G,*
H7248,Q86678325*
H7249G,*
H7249H,Q86678325*
H7262,Q2920137*
H7354,*
H7288,Q117074438
H7343,*
H7357,*
H7552J,*
H7410H,Q115481492
H7410I,Q131919356
H7410G,*
H7422,*
H7497A,*
H7498G,*
H7505,Q126166031
H7211G,*
H7211H,*
H7254,Q126168038
H7259,*
H7394H,*
H7394G,*
H7394I,*
H7480,*
H7276,*
H7278,Q131918845
H7345,*
H7340I,*
H7340J,*
H7346,*
H7348A,*
H7348B,Q131782870
H7348H,*
H7348G,Q131782877
H7472,Q133445157
H7552I,*
H7552G,Q126167657
H7425,Q114906785
H7501,*
H7506,*
H7509G,Q115805500
H7509H,*
H7509I,*
H7509J,*
H7566,*
H7466,Q2040793
H7205,*
H7467H,*
H7467G,*
H7208,Q108773808
H7526G,Q878947
H7526H,*
H7331,*
G4488,Q25668655
G4498,Q7320830*
H7380,Q133263354
H7417B,*
H7441,*
H7384B,Q2918052
H7525,Q11834917
H7532,*
H7303,Q140472085
H7320,*
H7220,*
G4504G,Q108474101
G4504H,*
H7327,*
H5454,Q13143737
H5455,Q124169540
H7940G,Q140472345
H7634,Q140472420
H5543A,Q140472446
H5543D,*
H5543G,*
H5543B,Q140472461
H8007H,Q140420096
H8007G,*
G2266H,*
G4539,*
H5543C,Q125747738
H5562,Q131920039*
H8072,Q7409616
H8123,*
H8050G,*
H5571G,Q751918
H5593,*
G4551,*
H8283,*
H8315,Q140420013
H7586G,*
G4630,Q7430863
H5434G,Q23639444
G4580,Q110624753
H7687H,Q85854804
H7687G,Q16258370
H8165B,Q42532277
H5540,Q115750534
H5565,Q140377248
G4584,Q25668659
H5576,*
H8188,Q140377287
H8294,*
H8304J,Q140377330
H8304K,Q140377407
H8304H,*
H8304I,Q140377305
H8304G,*
H8304L,*
H8304M,Q124385912
H8304N,Q7452652
H5624,*
G4588,*
H8286,Q1161313
H8352,*
H5639,*
H8174G,Q140320822
H8174H,Q140320808
H8190,Q133500750
H7678G,Q140320796
H7678I,Q140320763
H7678H,Q140320787
H7842,Q140320750
H7967I,Q117195738
H7967J,Q115762115*
H7967K,Q140312531
H7967L,*
H7967M,*
H7967N,Q140312702
H7967G,Q334748
H7967H,*
H7967O,Q140312907
H7967P,Q140312919
H7967R,Q124382772
H7967S,Q140312970
H7967Q,Q140312932
H7968,Q140312947*
H8014,Q140312286
H8022,*
H8091,Q140312273
H8044,Q1516550
H8049,Q140312264
H8069I,Q140289745
H8037H,Q140289766
H8037G,*
H8048H,*
H8048I,*
H8048G,Q114627891
H8060G,Q115482364
H8060H,Q140289799
H8060I,Q140312224
H8051H,*
H8051I,*
H8051G,*
H8125,Q140289921
H8223,Q140289945
H8227B,*
H8227G,Q124382588
H8202K,Q140288456
H8202I,Q115807054
H8202J,Q140288444
H8202H,*
H8202G,*
H8298,Q140288225
H8325,Q140288237
H8272G,Q76383242
H8272H,Q123272167
H8343,Q140277282
H8349,*
H7586J,*
H7586I,Q138580913
H7586H,*
H7594,Q140248039
H7597A,*
G4528G,*
H8187,Q140247878
H7610,Q18192190*
H7652G,Q140247885
H7652A,Q106079707*
H7614H,Q138636936
H7614G,*
H7614I,Q9332549
H7645G,Q140185473
H7645J,Q140185502
H7645I,*
H7645H,Q140185477
H7669,Q140172529
H7644,*
H7619G,*
H7619H,*
H7935H,Q140158789
H7935G,Q115805652
H7935I,Q140158808
H7935L,*
H7935J,Q140158813
H7935K,Q140158822
H7935M,Q140160096
H7928H,Q140160297
H7927H,*
H7928G,Q85854727
H7707,Q18198582
H7609,Q29167793
H7841,Q140137996
H7974,*
H7956,*
H8018G,Q140131794
H8018H,Q140131733
H8018K,Q124383678
H8018L,Q32979697
H8018N,Q140131442
H8018M,Q140131590
H8018J,Q140131608
H8018I,Q140131632
H8026,Q7493584
H8028,Q140131400
H8015,Q126192834
H8019A,*
H8019I,Q115805223
H8019G,Q140130979
H8019H,Q140130891
H8019B,Q18192218
H8019K,Q140130800
H8013H,Q140130775*
H8017,Q20605895
H8035,*
H8087G,Q140068814
H8087H,Q140068833
H8087I,Q140068842
H8087J,Q140068852
H8094,Q140068854
H8098G,Q140044457
H8098H,Q140053753
H8098I,Q140053768
H8098B,Q115805697
H8098C,Q140044404
H8098D,Q140044412
H8098E,*
H8098F,*
H8098A,*
H8098J,Q140053796
H8098K,Q140053814
H8098L,Q140053826
H8098M,Q140053835
H8098P,Q140053938
H8098Q,Q140053948
H8098N,Q140053892
H8098O,*
H8098X,Q124382215
H8098Y,*
H8098Z,Q140054001
H8098T,*
H8098U,*
H8098V,*
H8098W,*
H8098R,*
H8098S,Q137798637
H8114G,Q140042758
H8114H,Q123269545
H8114I,Q140042772
H8114J,Q140042780
H8038,*
H8106B,Q140032875
H8106G,Q140032745
H8106A,Q133454476
H8061,*
H8070G,Q140032442
H8070H,Q140032487
H8050I,Q140031414
H8050H,Q126192673
H8137,Q116923398
H8203I,Q140030788
H8203J,Q140030800
H8203H,Q140030762
H8203K,*
H8203G,Q9351247
H8203L,*
H8203M,Q140030834
H8203O,Q124386155
H8203N,Q140030848
H8195,Q138580874
H8274G,*
H8274H,*
H8329,Q140009792
H8344,*
H8348,*
H8369,Q123754610
H8370,Q56433512
H7724G,Q140007934
H7977,Q133454594
H8006,Q85854718
H7886,*
H8030,Q139962196
H8092G,*
H8092H,Q117066963
H8039,Q139962121
H8093,*
H8100G,*
H8096O,Q139963677
H8096J,Q116923523
H8096K,Q139964162
H8096L,Q139963977
H8096M,Q139963955
H8096V,*
H8096N,Q139963782
H8096I,*
H8096P,Q139963665
H8096Q,Q139963652*
H8096H,*
H8096U,Q123128651
H8096G,*
H8096R,Q139963579
H8096S,Q139963567
H8096T,Q139963558
H8095H,Q139931507
H7889,Q139929205
H8119,Q139929149
H8113H,Q139928707
H8113I,Q139928723
H8113G,Q139928701
H8113J,Q139928732
H8110B,*
H8124,Q136374598
H8134,*
H8230,Q139891255
H8236,*
H8204,Q126192599
H7895,*
H7861,Q139890975
H7877,Q139890341
H7727H,Q139890072
H7727G,Q9352021
H7731,*
H7630,Q139890037
H7732H,Q139884753
H7732G,Q125423902
H7733,Q139884166
H7629,Q139883971
H7719,Q139883648
H7763H,Q139882201
H7763G,*
H7774,Q139860046*
H7770,Q6940768*
H7744,Q369850
H7777B,*
H7746,Q139857974
H7764,*
H8206H,Q139847189
H8206G,*
H7803H,Q139832399
H7803G,Q85854722
H5517,*
H5444,*
H6721G,*
H5511,*
G4609,*
G4826I,Q139830869
H8095G,*
G4826G,*
G4826H,Q25668643
G4613N,*
G4613M,*
G4613L,*
G4613G,*
G4613H,*
G4613I,*
G4613J,Q328739
H5516H,Q139780600
H5516G,*
H5581,Q117195731
H8472I,*
H5644,Q125747962
H5471,*
H7755I,Q139764673
H5476,Q126178591
H8010,*
H3464H,*
H3111I,*
G4986,*
H5618,*
G4988,*
H5479,Q139741904
G4720,Q9340990
G4734,*
G4736,*
H5477,Q139741844
G4677,Q4118707
H5485,Q126178639
G4941,Q106084401
H2884,Q139691790
H2870B,*
H2870A,Q104783764
G5000,*
H2886,Q6202803
H8465H,Q139679239
H8465G,Q85854843
H8477,Q125484379
H8480H,*
H8480I,*
H8480J,*
H8472G,*
H8526H,Q33026733
H8526G,*
H2929,Q139678428
H8559H,*
H8559I,Q30148909
H8559G,*
H8576,Q124392739
H2955,Q9355142
H8599A,Q139673778
H8390,Q139672422
H8659I,Q139671019
H8659J,Q123569643
H8659G,*
H8661,*
H8674,Q1641601
H2875,Q14923275
H2882,Q139660799
H8468,Q139659753
H8520,Q139592801
H2928H,Q139592569
H8485G,Q20101919
H8547,Q139592150
H8487G,*
H8488,Q139592293
H8646G,*
H8657,*
G5060,Q1960801
G5061,Q3518955
G2321,Q1384449
G2333,Q562394
G2381,*
G5086,*
H8402,*
H8413,*
H8407,*
H8616G,Q133830235
H8616H,Q139585866
H8436,Q139585798
G5090,Q41111704
H8555,*
G5096,*
G5095G,*
H8494,Q1481751
H8640,*
H8647,Q14923277
H8493,Q139580532
H8656G,Q27587242
G5103,*
H2899,Q139571156*
H2900H,*
H2900I,*
H2900G,Q139571176
H2900J,Q139571184
H8425G,Q1068499
H8459,*
H8583,*
H8439G,*
H8439H,*
G5161,Q4207124
G5170,Q7848786*
G5173,Q7848786*
H8422G,Q1481766
H8423,Q1356181
G5190,*
G5181,Q127582207
H0401,*
H0177,Q139495844
H0198G,Q139492046
H0198H,Q139492418
H6042G,Q139490441
H6042H,Q139490514
H0218A,Q139488705
G3773,Q65246466
H0221H,Q139488721
H0221G,*
H0221I,Q139488808
H0223G,*
H0223A,*
H0223H,*
H0223B,Q3206316
H0223I,Q139104438
H0222H,Q139104470
H0222G,*
H0222I,Q114921395
H5793G,Q139268185
H5793H,Q139268203
H5780G,Q2558734
H5780H,*
H5780I,Q138580891
H0186,*
H0187G,Q7904500
H5798H,Q138713948
H5798I,Q138713964
H5798B,Q138714031
H5798A,*
H5813G,Q28665879
H5813H,Q139270762
H5813I,Q139270783
H5813J,Q139270825
H5813K,Q139270863
H5813L,Q139270899
H5813M,Q139270923
H5814,Q139270941
H5818I,Q139269000
H5818H,*
H5818G,*
H5818J,Q139269104
H5818K,Q139269155
H5816J,*
H5816H,Q139104695
H5816I,Q139105278
H5816K,Q139268377
H5816G,*
H5816L,Q139268424
H2055,*
H2057,Q14925218
H2060,*
H2058,Q2381688
G2242H,*
H2190,Q125498533
H2066I,Q65303551
H2066G,Q11955535
H2066H,Q138848707
H2066J,Q138848751
H2066K,Q138848768
H2066L,Q138848774
H2079G,Q8063457
H2079H,Q138862662
H2067I,Q11955533
H2067H,Q139008687
H2067G,Q114671090
H2068G,Q138863467
H2068H,Q138863473
H2071,Q135409140
H2140,Q139008708
G2195,*
H2139I,Q138863136
H2139J,*
H2139H,Q138863127
H2139K,Q138863157
H2139M,Q138863187
H2139N,Q138863241
H2139L,Q137798632
H2139G,Q126193237
H6659I,*
H6659H,*
H6659G,*
G4524,Q18699268
H6659L,Q138862880
H6659M,Q138862884
H6659K,Q138862863
H6659J,Q138862854
H2093,Q8064608
H6764,Q139008748
H6756B,Q133269048
H6759,*
H2240G,Q138862840
H2240H,Q138862844
H2117,Q139008394
H2069I,Q138862794
H2069J,Q133456354
H2069K,Q138862803*
H2069G,Q138862766
H2069H,Q138862788
H2069L,Q138862815
H2069M,Q138862822
H2069O,Q138862838
H2069N,Q138862830
H2078,*
G2199G,*
H2080,Q30527376
H2081,Q139008353
H2083,*
H2074,*
H2148E,Q138768384
H2148F,Q138768485
H2148G,*
H2148D,Q138768213
H2148A,*
H2148H,Q138768931
H2148I,Q138769175
H2148J,*
H2148w,*
H2148L,Q138769194
H2148M,Q138769284
H2148N,Q138769478
H2148O,Q138769597
H2148P,*
H2148C,*
H2148T,Q138771951
H2148v,*
H2148R,Q138771285
H2148S,Q138771771
H2148Q,Q138769656
H2148z,Q124219534
G2197H,*
H2148X,Q138772355
H2148V,Q138772286
H2148W,Q138772321
H2148Y,Q138772663
H2148Z,Q138772765
H2148y,Q138772799
H2148U,Q138772237
H2144,Q138778321
H6667I,Q115945589
H6667G,*
H6667H,*
H6667K,Q138720632
H6667L,Q138720656
H6667J,Q138720623
H2062,*
H6768,Q133269074
H6765,*
H2160,Q138836691
G2211,Q1393130
H6846G,*
H6846I,Q138837009
H6846H,Q1761359
H6825,Q8069299
H2226J,Q117054261
H2226K,Q138780065
H2226G,Q108487424
H2226H,*
H2226I,*
H2226L,Q65124445
H2228G,*
H2228H,Q138836624
H2238,*
H6889,Q138847618
H6874,*
H6872C,Q3541493
H6871,Q8069663
H2216,*
G2216G,*
H6870G,*
H2241,Q138843527
H2133,Q138843766
H2242,Q2274631
H2127,Q138844058
H6717,*
H6649,*
H6644,Q138847431
H6645,Q8071446
H2147L,Q138786846
H2147M,Q138786901
H2147H,Q138785834
H2147I,Q138785848
H2147J,Q138785933
H2147K,*
H2147N,Q138787064
H2147O,Q138787153
H2147P,Q138787402
H2147G,Q125749992
H2147Q,Q138792911
H2147R,Q138792923
H6727G,Q138834645
H6727H,Q138834681
H6741,Q203082
H6769H,Q138835411
H6769G,Q138835356
H2153,*
H2155G,*
H2155H,Q139557277;Q139557409*
H2175,Q786540
H2174H,*
H2174A,*
H2174G,*
H2128J,Q138721701
H2129,Q106128816
H6837,*
H6834,Q126179308
H6855,*
H2124G,Q138715594
H2124H,Q138715678
H2125,*
H6637,Q138714921
H6714G,Q138714970
H2105,*
H6690,Q8074241
H6691,*
H6686,Q126178161
H6689G,*
H6698I,Q138714467
H6698G,*
H6698H,*
H6700,Q125747497
H6701,Q123121015